# Series from the corpus's largest models and two small ones, each with the
# behavior mode a modeler gives it and why (an oscillation's mode names its
# damping as `oscillation/growing` where the modeler names one). Read by
# tools/behavior_tests.rs: the default suite classifies these and expects
# the modeler's mode except where KNOWN_DISAGREEMENTS there says the
# classifier names a series otherwise, and the gate checks each against its
# model's own run and classifies a wider set.
#
# model (under test/)	variable	mode	direction	why	first time	time between rows	values
metasd/WRLD3-03/wrld3-03.mdl	population	rise_and_fall	rising	overshoot and collapse: grows until the 2020s, then loses two thirds of its rise	1900	0.5	1.60000e9 1.60356e9 1.60799e9 1.61318e9 1.61902e9 1.62539e9 1.63216e9 1.63921e9 1.64646e9 1.65386e9 1.66132e9 1.66884e9 1.67637e9 1.68392e9 1.69147e9 1.69902e9 1.70656e9 1.71410e9 1.72163e9 1.72916e9 1.73668e9 1.74421e9 1.75174e9 1.75929e9 1.76683e9 1.77436e9 1.78189e9 1.78942e9 1.79696e9 1.80451e9 1.81208e9 1.81967e9 1.82728e9 1.83492e9 1.84259e9 1.85029e9 1.85802e9 1.86578e9 1.87358e9 1.88142e9 1.88930e9 1.89722e9 1.90519e9 1.91320e9 1.92126e9 1.92937e9 1.93753e9 1.94575e9 1.95402e9 1.96235e9 1.97074e9 1.97919e9 1.98771e9 1.99629e9 2.00494e9 2.01366e9 2.02245e9 2.03132e9 2.04026e9 2.04930e9 2.05842e9 2.06762e9 2.07692e9 2.08632e9 2.09580e9 2.10539e9 2.11508e9 2.12486e9 2.13475e9 2.14475e9 2.15486e9 2.16508e9 2.17541e9 2.18586e9 2.19642e9 2.20711e9 2.21792e9 2.22885e9 2.23992e9 2.25111e9 2.26244e9 2.27391e9 2.29420e9 2.31436e9 2.33445e9 2.35452e9 2.37461e9 2.39475e9 2.41497e9 2.43529e9 2.45571e9 2.47627e9 2.49696e9 2.51779e9 2.53878e9 2.55993e9 2.58125e9 2.60274e9 2.62440e9 2.64625e9 2.66828e9 2.69050e9 2.71291e9 2.73553e9 2.75834e9 2.78136e9 2.80458e9 2.82803e9 2.85168e9 2.87556e9 2.89968e9 2.92404e9 2.94866e9 2.97354e9 2.99868e9 3.02408e9 3.04975e9 3.07569e9 3.10190e9 3.12839e9 3.15516e9 3.18221e9 3.20955e9 3.23718e9 3.26510e9 3.29331e9 3.32182e9 3.35052e9 3.37942e9 3.40852e9 3.43782e9 3.46734e9 3.49706e9 3.52695e9 3.55705e9 3.58737e9 3.61792e9 3.64870e9 3.67972e9 3.71098e9 3.74242e9 3.77410e9 3.80603e9 3.83820e9 3.87063e9 3.90332e9 3.93625e9 3.96945e9 4.00290e9 4.03662e9 4.07061e9 4.10487e9 4.13941e9 4.17423e9 4.20935e9 4.24476e9 4.28046e9 4.31641e9 4.35262e9 4.38907e9 4.42578e9 4.46274e9 4.49995e9 4.53737e9 4.57499e9 4.61282e9 4.65086e9 4.68910e9 4.72755e9 4.76612e9 4.80482e9 4.84364e9 4.88259e9 4.92166e9 4.96084e9 5.00014e9 5.03955e9 5.07906e9 5.11869e9 5.15845e9 5.19833e9 5.23834e9 5.27845e9 5.31868e9 5.35901e9 5.39942e9 5.43993e9 5.48051e9 5.52115e9 5.56185e9 5.60259e9 5.64334e9 5.68407e9 5.72477e9 5.76542e9 5.80600e9 5.84651e9 5.88690e9 5.92700e9 5.96691e9 6.00663e9 6.04615e9 6.08547e9 6.12462e9 6.16359e9 6.20235e9 6.24089e9 6.27920e9 6.31724e9 6.35501e9 6.39248e9 6.42965e9 6.46675e9 6.50381e9 6.54082e9 6.57778e9 6.61468e9 6.65150e9 6.68823e9 6.72461e9 6.76041e9 6.79570e9 6.83034e9 6.86420e9 6.89731e9 6.92968e9 6.96131e9 6.99222e9 7.02238e9 7.05181e9 7.08064e9 7.10897e9 7.13636e9 7.16268e9 7.18806e9 7.21265e9 7.23647e9 7.25952e9 7.28180e9 7.30333e9 7.32409e9 7.34410e9 7.36336e9 7.38185e9 7.39898e9 7.41372e9 7.42629e9 7.43690e9 7.44569e9 7.45281e9 7.45838e9 7.46250e9 7.46526e9 7.46675e9 7.46672e9 7.46514e9 7.46210e9 7.45768e9 7.45194e9 7.44492e9 7.43669e9 7.42728e9 7.41711e9 7.40623e9 7.39463e9 7.38230e9 7.36889e9 7.35441e9 7.33886e9 7.32226e9 7.30444e9 7.28547e9 7.26539e9 7.24427e9 7.22216e9 7.19914e9 7.17528e9 7.15063e9 7.12528e9 7.09930e9 7.07274e9 7.04570e9 7.01822e9 6.99038e9 6.96224e9 6.93386e9 6.90531e9 6.87629e9 6.84685e9 6.81693e9 6.78630e9 6.75504e9 6.72318e9 6.69078e9 6.65788e9 6.62452e9 6.59076e9 6.55664e9 6.52221e9 6.48753e9 6.45264e9 6.41757e9 6.38238e9 6.34709e9 6.31175e9 6.27609e9 6.24002e9 6.20356e9 6.16652e9 6.12912e9 6.09146e9 6.05359e9 6.01557e9 5.97747e9 5.93934e9 5.90124e9 5.86319e9 5.82526e9 5.78704e9 5.74837e9 5.70936e9 5.67013e9 5.63073e9 5.59124e9 5.55170e9 5.51216e9 5.47265e9 5.43321e9 5.39387e9 5.35467e9 5.31563e9 5.27677e9 5.23812e9 5.19970e9 5.16152e9 5.12362e9 5.08599e9 5.04866e9 5.01164e9 4.97494e9 4.93857e9 4.90254e9 4.86686e9 4.83153e9 4.79666e9 4.76227e9 4.72836e9 4.69491e9 4.66192e9 4.62939e9 4.59730e9 4.56566e9 4.53445e9 4.50368e9 4.47333e9 4.44339e9 4.41388e9 4.38477e9 4.35621e9 4.32818e9 4.30066e9 4.27363e9 4.24707e9 4.22092e9 4.19516e9 4.16978e9 4.14478e9 4.12008e9 4.09571e9 4.07166e9 4.04792e9 4.02447e9 4.00133e9 3.97846e9 3.95593e9 3.93373e9 3.91184e9 3.89026e9 3.86897e9 3.84798e9 3.82727e9 3.80684e9 3.78669e9 3.76679e9 3.74716e9 3.72778e9 3.70866e9 3.68977e9 3.67113e9 3.65273e9 3.63456e9 3.61662e9 3.59890e9 3.58141e9 3.56413e9 3.54707e9 3.53017e9 3.51335e9 3.49662e9 3.47998e9 3.46344e9
metasd/WRLD3-03/wrld3-03.mdl	industrial_output	rise_and_fall	rising	grows exponentially, peaks and collapses to near its start	1900	0.5	6.65000e10 6.75511e10 6.87999e10 7.01733e10 7.16129e10 7.30511e10 7.44896e10 7.59305e10 7.73760e10 7.87914e10 8.02125e10 8.16454e10 8.30914e10 8.45518e10 8.60278e10 8.75206e10 8.90313e10 9.05612e10 9.21113e10 9.36826e10 9.52764e10 9.68935e10 9.85350e10 1.00202e11 1.01895e11 1.03615e11 1.05364e11 1.07142e11 1.08951e11 1.10793e11 1.12668e11 1.14576e11 1.16520e11 1.18499e11 1.20514e11 1.22567e11 1.24658e11 1.26787e11 1.28956e11 1.31165e11 1.33416e11 1.35708e11 1.38043e11 1.40421e11 1.42845e11 1.45313e11 1.47828e11 1.50391e11 1.53002e11 1.55662e11 1.58372e11 1.61134e11 1.63947e11 1.66814e11 1.69735e11 1.72712e11 1.75745e11 1.78836e11 1.81985e11 1.85194e11 1.88464e11 1.91796e11 1.95191e11 1.98650e11 2.02176e11 2.05768e11 2.09428e11 2.13158e11 2.16958e11 2.20831e11 2.24777e11 2.28798e11 2.32895e11 2.37070e11 2.41324e11 2.45658e11 2.50075e11 2.54575e11 2.59161e11 2.63833e11 2.68593e11 2.73443e11 2.78385e11 2.83394e11 2.88479e11 2.93643e11 2.98890e11 3.04223e11 3.09643e11 3.15152e11 3.20753e11 3.26447e11 3.32236e11 3.38123e11 3.44108e11 3.50194e11 3.56383e11 3.62676e11 3.69076e11 3.75584e11 3.82202e11 3.88933e11 3.95777e11 4.02737e11 4.09815e11 4.17014e11 4.24334e11 4.31778e11 4.39347e11 4.47045e11 4.54877e11 4.62848e11 4.70961e11 4.79218e11 4.87619e11 4.96167e11 5.04863e11 5.13708e11 5.22704e11 5.31854e11 5.41158e11 5.50618e11 5.60236e11 5.70014e11 5.79954e11 5.90058e11 6.00327e11 6.10763e11 6.21368e11 6.32145e11 6.43096e11 6.54222e11 6.65516e11 6.76962e11 6.88580e11 7.00381e11 7.12368e11 7.24546e11 7.36917e11 7.49477e11 7.62200e11 7.75090e11 7.88149e11 8.01382e11 8.14793e11 8.28385e11 8.42163e11 8.56129e11 8.70288e11 8.84641e11 8.99192e11 9.13944e11 9.28900e11 9.44066e11 9.59446e11 9.75044e11 9.90860e11 1.00690e12 1.02316e12 1.03964e12 1.05636e12 1.07329e12 1.09046e12 1.10787e12 1.12550e12 1.14337e12 1.16147e12 1.17982e12 1.19840e12 1.21722e12 1.23629e12 1.25560e12 1.27515e12 1.29495e12 1.31500e12 1.33529e12 1.35583e12 1.37663e12 1.39767e12 1.41896e12 1.44050e12 1.46229e12 1.48433e12 1.50663e12 1.52917e12 1.55197e12 1.57503e12 1.59835e12 1.62192e12 1.64574e12 1.66982e12 1.69405e12 1.71839e12 1.74289e12 1.76754e12 1.79237e12 1.81737e12 1.84254e12 1.86788e12 1.89339e12 1.91907e12 1.94490e12 1.97091e12 1.99707e12 2.02339e12 2.04987e12 2.07651e12 2.10330e12 2.13024e12 2.15735e12 2.18463e12 2.21208e12 2.23968e12 2.26744e12 2.29534e12 2.32338e12 2.35155e12 2.37985e12 2.40352e12 2.42221e12 2.44059e12 2.45864e12 2.47630e12 2.49356e12 2.51039e12 2.52675e12 2.54262e12 2.55799e12 2.57283e12 2.58712e12 2.60085e12 2.60535e12 2.60581e12 2.60549e12 2.60427e12 2.60195e12 2.59854e12 2.59405e12 2.58851e12 2.58194e12 2.57436e12 2.56580e12 2.55627e12 2.52784e12 2.46668e12 2.40588e12 2.34554e12 2.28576e12 2.22667e12 2.16838e12 2.11100e12 2.05463e12 1.99936e12 1.94526e12 1.89242e12 1.84087e12 1.79067e12 1.74185e12 1.69444e12 1.64844e12 1.60385e12 1.57118e12 1.54017e12 1.50965e12 1.47964e12 1.45017e12 1.42082e12 1.39163e12 1.36263e12 1.33385e12 1.30532e12 1.27708e12 1.24915e12 1.22156e12 1.19433e12 1.16748e12 1.14103e12 1.11499e12 1.08938e12 1.06421e12 1.03949e12 1.01524e12 9.91447e11 9.68129e11 9.45286e11 9.22921e11 9.01036e11 8.79574e11 8.58535e11 8.37931e11 8.17764e11 7.98031e11 7.78727e11 7.59847e11 7.41295e11 7.23170e11 7.05469e11 6.88184e11 6.71311e11 6.54841e11 6.38768e11 6.23084e11 6.07783e11 5.92857e11 5.78298e11 5.64100e11 5.50253e11 5.36752e11 5.23588e11 5.10710e11 4.98133e11 4.85869e11 4.73911e11 4.62252e11 4.50884e11 4.39802e11 4.28999e11 4.18467e11 4.08192e11 3.98168e11 3.88389e11 3.78852e11 3.69551e11 3.60480e11 3.51635e11 3.43011e11 3.34601e11 3.26401e11 3.18406e11 3.10610e11 3.03010e11 2.95599e11 2.88374e11 2.81330e11 2.74462e11 2.67765e11 2.61236e11 2.54871e11 2.48664e11 2.42613e11 2.36713e11 2.30960e11 2.25351e11 2.19882e11 2.14549e11 2.09349e11 2.04279e11 1.99334e11 1.94512e11 1.89810e11 1.85225e11 1.80753e11 1.76392e11 1.72138e11 1.67990e11 1.63944e11 1.59997e11 1.56148e11 1.52394e11 1.48731e11 1.45159e11 1.41674e11 1.38274e11 1.34958e11 1.31722e11 1.28565e11 1.25485e11 1.22480e11 1.19548e11 1.16688e11 1.13897e11 1.11173e11 1.08516e11 1.05923e11 1.03392e11 1.00923e11 9.85136e10 9.61622e10 9.38675e10 9.16280e10 8.94425e10 8.73096e10 8.52279e10 8.31962e10 8.12133e10 7.92780e10 7.73890e10 7.55453e10 7.37457e10 7.19892e10 7.02746e10 6.86011e10 6.69675e10 6.53729e10 6.38163e10 6.22466e10 6.06337e10 5.90513e10 5.75012e10 5.59845e10 5.45022e10
metasd/WRLD3-03/wrld3-03.mdl	food_per_capita	rise_and_fall	rising	rises, collapses below where it began, and recovers 2% of its range in the last years	1900	0.5	2.69325e2 2.72141e2 2.73951e2 2.75194e2 2.76117e2 2.76861e2 2.77492e2 2.78055e2 2.78581e2 2.79092e2 2.79591e2 2.80090e2 2.80597e2 2.81118e2 2.81654e2 2.82210e2 2.82784e2 2.83378e2 2.83992e2 2.84626e2 2.85280e2 2.85954e2 2.86648e2 2.87362e2 2.88098e2 2.88856e2 2.89683e2 2.90574e2 2.91503e2 2.92455e2 2.93425e2 2.94407e2 2.95400e2 2.96404e2 2.97418e2 2.98440e2 2.99464e2 3.00496e2 3.01538e2 3.02593e2 3.03661e2 3.04744e2 3.05841e2 3.06954e2 3.08081e2 3.09225e2 3.10384e2 3.11559e2 3.12751e2 3.13958e2 3.15183e2 3.16424e2 3.17682e2 3.18956e2 3.20248e2 3.21558e2 3.22884e2 3.24229e2 3.25590e2 3.26967e2 3.28362e2 3.29774e2 3.31203e2 3.32650e2 3.34114e2 3.35595e2 3.37094e2 3.38611e2 3.40145e2 3.41698e2 3.43268e2 3.44856e2 3.46462e2 3.48086e2 3.49727e2 3.51387e2 3.53065e2 3.54760e2 3.56474e2 3.58205e2 3.59950e2 3.61698e2 3.62080e2 3.62738e2 3.63524e2 3.64378e2 3.65272e2 3.66197e2 3.67145e2 3.68115e2 3.69104e2 3.70110e2 3.71133e2 3.72173e2 3.73228e2 3.74298e2 3.75382e2 3.76480e2 3.77592e2 3.78717e2 3.79854e2 3.81004e2 3.82166e2 3.83340e2 3.84525e2 3.85720e2 3.86926e2 3.88142e2 3.89368e2 3.90722e2 3.92179e2 3.93652e2 3.95116e2 3.96567e2 3.98001e2 3.99421e2 4.00826e2 4.02218e2 4.03596e2 4.04962e2 4.06315e2 4.07656e2 4.08984e2 4.10300e2 4.11603e2 4.12893e2 4.14171e2 4.15450e2 4.16726e2 4.17999e2 4.19267e2 4.20314e2 4.20939e2 4.21987e2 4.23195e2 4.24462e2 4.25749e2 4.27040e2 4.28330e2 4.29610e2 4.30833e2 4.32026e2 4.33198e2 4.34354e2 4.35498e2 4.36630e2 4.37752e2 4.38863e2 4.39964e2 4.41055e2 4.42136e2 4.43208e2 4.44345e2 4.45497e2 4.46640e2 4.47764e2 4.48870e2 4.49961e2 4.51036e2 4.52095e2 4.53138e2 4.54166e2 4.55178e2 4.56178e2 4.57165e2 4.58139e2 4.59100e2 4.60046e2 4.60978e2 4.61902e2 4.62817e2 4.63721e2 4.64626e2 4.65508e2 4.66372e2 4.67219e2 4.68050e2 4.68863e2 4.69656e2 4.70427e2 4.71176e2 4.71909e2 4.72628e2 4.73303e2 4.74076e2 4.74812e2 4.75516e2 4.76190e2 4.76834e2 4.77449e2 4.76902e2 4.75989e2 4.75409e2 4.74970e2 4.74582e2 4.74207e2 4.73827e2 4.73436e2 4.73048e2 4.72651e2 4.72246e2 4.71835e2 4.71418e2 4.70995e2 4.70566e2 4.70133e2 4.69697e2 4.69262e2 4.68989e2 4.68751e2 4.68495e2 4.68205e2 4.67859e2 4.67457e2 4.67002e2 4.66498e2 4.65946e2 4.64592e2 4.63392e2 4.62193e2 4.60910e2 4.59558e2 4.58156e2 4.56717e2 4.55236e2 4.53725e2 4.52175e2 4.50583e2 4.48955e2 4.47297e2 4.45602e2 4.43868e2 4.42014e2 4.40054e2 4.38011e2 4.35891e2 4.33700e2 4.31443e2 4.29124e2 4.26748e2 4.24317e2 4.21835e2 4.19306e2 4.16732e2 4.13905e2 4.10550e2 4.06906e2 4.03083e2 3.99138e2 3.95110e2 3.91023e2 3.86895e2 3.82744e2 3.78582e2 3.74459e2 3.70389e2 3.66378e2 3.62391e2 3.58303e2 3.54168e2 3.50002e2 3.45025e2 3.40272e2 3.35620e2 3.31034e2 3.26507e2 3.22034e2 3.17630e2 3.13314e2 3.09105e2 3.05026e2 3.01092e2 2.97319e2 2.93718e2 2.90300e2 2.87076e2 2.84055e2 2.81243e2 2.78645e2 2.76265e2 2.74105e2 2.72169e2 2.70457e2 2.68968e2 2.67704e2 2.66662e2 2.63795e2 2.60992e2 2.58679e2 2.56638e2 2.54688e2 2.52756e2 2.50834e2 2.48947e2 2.47109e2 2.45321e2 2.43592e2 2.41927e2 2.40326e2 2.38791e2 2.37323e2 2.35921e2 2.34584e2 2.33311e2 2.32100e2 2.30962e2 2.29899e2 2.28908e2 2.27996e2 2.27153e2 2.26372e2 2.25654e2 2.24982e2 2.24350e2 2.23762e2 2.23217e2 2.22717e2 2.21549e2 2.20310e2 2.19229e2 2.18250e2 2.17343e2 2.16490e2 2.15682e2 2.14913e2 2.14178e2 2.13477e2 2.12807e2 2.12167e2 2.11557e2 2.10974e2 2.10420e2 2.09892e2 2.09390e2 2.08913e2 2.08461e2 2.08034e2 2.07630e2 2.07249e2 2.06890e2 2.06552e2 2.06236e2 2.05941e2 2.05666e2 2.05406e2 2.05160e2 2.04929e2 2.04713e2 2.04511e2 2.04324e2 2.04151e2 2.03992e2 2.03847e2 2.03716e2 2.03597e2 2.03492e2 2.03400e2 2.03320e2 2.03246e2 2.03179e2 2.03119e2 2.03066e2 2.03021e2 2.02987e2 2.02963e2 2.02949e2 2.02946e2 2.02956e2 2.02976e2 2.03008e2 2.03050e2 2.03104e2 2.03169e2 2.03245e2 2.03329e2 2.03421e2 2.03522e2 2.03631e2 2.03749e2 2.03876e2 2.04011e2 2.04155e2 2.04307e2 2.04468e2 2.04637e2 2.04814e2 2.05000e2 2.05193e2 2.05395e2 2.05604e2 2.05821e2 2.06045e2 2.06276e2 2.06514e2 2.06759e2 2.07011e2 2.07263e2 2.07508e2 2.07752e2 2.07997e2 2.08246e2
metasd/WRLD3-03/wrld3-03.mdl	birth_rate	fall_and_rise	falling	a start-up rise of a seventh of its range, then a long fall and a partial recovery	1900	0.5	3.67234e1 3.75964e1 3.84249e1 3.91557e1 3.97576e1 4.02000e1 4.05174e1 4.07381e1 4.08849e1 4.09487e1 4.09756e1 4.09791e1 4.09654e1 4.09396e1 4.09055e1 4.08659e1 4.08229e1 4.07782e1 4.07328e1 4.06875e1 4.06430e1 4.05997e1 4.05577e1 4.05126e1 4.04667e1 4.04230e1 4.03818e1 4.03432e1 4.03066e1 4.02719e1 4.02386e1 4.02066e1 4.01755e1 4.01452e1 4.01155e1 4.00862e1 4.00571e1 4.00282e1 3.99993e1 3.99705e1 3.99417e1 3.99127e1 3.98837e1 3.98544e1 3.98250e1 3.97953e1 3.97654e1 3.97352e1 3.97046e1 3.96736e1 3.96422e1 3.96105e1 3.95782e1 3.95455e1 3.95123e1 3.94785e1 3.94442e1 3.94150e1 3.93871e1 3.93585e1 3.93291e1 3.92990e1 3.92682e1 3.92367e1 3.92046e1 3.91717e1 3.91382e1 3.91040e1 3.90691e1 3.90335e1 3.89972e1 3.89601e1 3.89223e1 3.88838e1 3.88444e1 3.88043e1 3.87634e1 3.87217e1 3.86791e1 3.86357e1 3.85914e1 3.96682e1 3.93408e1 3.90649e1 3.88289e1 3.86238e1 3.84427e1 3.82798e1 3.81311e1 3.79930e1 3.78629e1 3.77387e1 3.76190e1 3.75023e1 3.73877e1 3.72746e1 3.71623e1 3.70503e1 3.69384e1 3.68263e1 3.67139e1 3.66009e1 3.64874e1 3.63732e1 3.62583e1 3.61426e1 3.60262e1 3.59090e1 3.57910e1 3.56729e1 3.55546e1 3.54359e1 3.53165e1 3.51962e1 3.50750e1 3.49526e1 3.48292e1 3.47046e1 3.45788e1 3.44517e1 3.43234e1 3.41939e1 3.40630e1 3.39307e1 3.37972e1 3.36619e1 3.35221e1 3.33829e1 3.32438e1 3.31046e1 3.29648e1 3.28234e1 3.26792e1 3.25345e1 3.23893e1 3.22434e1 3.20965e1 3.19485e1 3.17986e1 3.16449e1 3.15114e1 3.13887e1 3.12636e1 3.11365e1 3.10078e1 3.08777e1 3.07463e1 3.06137e1 3.04799e1 3.03452e1 3.02094e1 3.00723e1 2.99342e1 2.97951e1 2.96549e1 2.95131e1 2.93685e1 2.92230e1 2.90766e1 2.89290e1 2.87801e1 2.86305e1 2.84818e1 2.83322e1 2.81814e1 2.80293e1 2.78757e1 2.77205e1 2.75609e1 2.74004e1 2.72389e1 2.70761e1 2.69119e1 2.67461e1 2.65786e1 2.64092e1 2.62379e1 2.60696e1 2.59086e1 2.57450e1 2.55786e1 2.54094e1 2.52373e1 2.50621e1 2.48838e1 2.47023e1 2.45174e1 2.43290e1 2.41367e1 2.39405e1 2.37395e1 2.35320e1 2.33178e1 2.30980e1 2.28731e1 2.26431e1 2.24079e1 2.21652e1 2.19772e1 2.17899e1 2.15991e1 2.14091e1 2.12342e1 2.10550e1 2.08714e1 2.06836e1 2.04916e1 2.02955e1 2.00952e1 1.98912e1 1.96834e1 1.95529e1 1.94308e1 1.93051e1 1.91760e1 1.90437e1 1.89083e1 1.87701e1 1.85573e1 1.82823e1 1.80292e1 1.77924e1 1.75691e1 1.73574e1 1.71545e1 1.69582e1 1.67667e1 1.65789e1 1.63936e1 1.62579e1 1.61479e1 1.59266e1 1.56861e1 1.54856e1 1.53342e1 1.51919e1 1.50573e1 1.49295e1 1.48076e1 1.46911e1 1.45795e1 1.44724e1 1.43695e1 1.41249e1 1.36525e1 1.32588e1 1.29280e1 1.26480e1 1.24099e1 1.22069e1 1.20337e1 1.18861e1 1.17610e1 1.16556e1 1.15688e1 1.14989e1 1.14443e1 1.14037e1 1.13759e1 1.13601e1 1.13553e1 1.14792e1 1.16039e1 1.17164e1 1.18195e1 1.19152e1 1.20012e1 1.20793e1 1.21516e1 1.22197e1 1.22854e1 1.23498e1 1.24136e1 1.24775e1 1.25419e1 1.26072e1 1.26737e1 1.27416e1 1.28111e1 1.28822e1 1.29549e1 1.30293e1 1.31054e1 1.31830e1 1.32622e1 1.33428e1 1.34247e1 1.35079e1 1.35924e1 1.36786e1 1.37677e1 1.38593e1 1.39529e1 1.40485e1 1.41430e1 1.42396e1 1.43380e1 1.44380e1 1.45393e1 1.46416e1 1.47447e1 1.48484e1 1.49526e1 1.50571e1 1.51617e1 1.52678e1 1.53756e1 1.54866e1 1.56491e1 1.58153e1 1.59813e1 1.61477e1 1.63142e1 1.64806e1 1.66467e1 1.68121e1 1.69769e1 1.71409e1 1.73059e1 1.74727e1 1.76406e1 1.78090e1 1.79776e1 1.81460e1 1.83141e1 1.84817e1 1.86486e1 1.88147e1 1.89800e1 1.91442e1 1.93074e1 1.94695e1 1.96304e1 1.97900e1 1.99483e1 2.01053e1 2.02608e1 2.04149e1 2.05675e1 2.07185e1 2.08680e1 2.10159e1 2.11622e1 2.13460e1 2.15382e1 2.17256e1 2.19087e1 2.20874e1 2.22621e1 2.24328e1 2.25997e1 2.27629e1 2.29226e1 2.30788e1 2.32317e1 2.33813e1 2.35286e1 2.37395e1 2.39428e1 2.41388e1 2.43281e1 2.45112e1 2.46874e1 2.48585e1 2.50246e1 2.51860e1 2.53708e1 2.55648e1 2.57518e1 2.59321e1 2.61060e1 2.62738e1 2.64360e1 2.65950e1 2.67484e1 2.68965e1 2.70394e1 2.71777e1 2.73114e1 2.74408e1 2.75662e1 2.76878e1 2.78057e1 2.79200e1 2.80310e1 2.81389e1 2.82436e1 2.83454e1 2.84443e1 2.85405e1 2.86341e1 2.87251e1 2.88137e1 2.88999e1 2.89837e1 2.90380e1 2.90491e1 2.90638e1 2.90825e1 2.91051e1 2.91317e1
metasd/WRLD3-03/wrld3-03.mdl	deaths_0_to_14	fall_and_rise	falling	falls as health improves, with wiggles of a few percent on the way, then rises past its start	1900	0.5	2.49528e7 2.46138e7 2.43832e7 2.42272e7 2.41243e7 2.40603e7 2.40243e7 2.40086e7 2.40072e7 2.40163e7 2.40322e7 2.40526e7 2.40759e7 2.41010e7 2.41272e7 2.41539e7 2.41807e7 2.42074e7 2.42337e7 2.42596e7 2.42849e7 2.43095e7 2.43336e7 2.43689e7 2.44117e7 2.44537e7 2.44933e7 2.45307e7 2.45668e7 2.46025e7 2.46379e7 2.46733e7 2.47087e7 2.47441e7 2.47795e7 2.48151e7 2.48509e7 2.48868e7 2.49225e7 2.49579e7 2.49931e7 2.50278e7 2.50621e7 2.50959e7 2.51291e7 2.51618e7 2.51938e7 2.52251e7 2.52558e7 2.52856e7 2.53147e7 2.53430e7 2.53704e7 2.53969e7 2.54224e7 2.54470e7 2.54705e7 2.54930e7 2.55146e7 2.55354e7 2.55554e7 2.55744e7 2.55924e7 2.56095e7 2.56254e7 2.56403e7 2.56540e7 2.56665e7 2.56778e7 2.56879e7 2.56966e7 2.57039e7 2.57099e7 2.57144e7 2.57175e7 2.57190e7 2.57189e7 2.57173e7 2.57140e7 2.57090e7 2.57025e7 1.91456e7 1.92569e7 1.93460e7 1.94210e7 1.94860e7 1.95430e7 1.95934e7 1.96380e7 1.96773e7 1.97116e7 1.97414e7 1.97667e7 1.97877e7 1.98046e7 1.98174e7 1.98261e7 1.98307e7 1.98313e7 1.98279e7 1.98203e7 1.98086e7 1.97927e7 1.97726e7 1.97483e7 1.97197e7 1.96867e7 1.96493e7 1.96075e7 1.95539e7 1.94899e7 1.94206e7 1.93475e7 1.92710e7 1.91909e7 1.91073e7 1.90200e7 1.89289e7 1.88339e7 1.87348e7 1.86316e7 1.85241e7 1.84123e7 1.82961e7 1.81754e7 1.80535e7 1.79667e7 1.78730e7 1.77726e7 1.76654e7 1.75513e7 1.74439e7 1.73563e7 1.72347e7 1.70951e7 1.69440e7 1.67836e7 1.66147e7 1.64450e7 1.63089e7 1.61699e7 1.60268e7 1.58790e7 1.57260e7 1.55673e7 1.54028e7 1.52321e7 1.50551e7 1.48713e7 1.46779e7 1.44778e7 1.42711e7 1.40518e7 1.38235e7 1.35881e7 1.33496e7 1.31440e7 1.29325e7 1.27150e7 1.24917e7 1.22624e7 1.20405e7 1.18596e7 1.16732e7 1.14813e7 1.12840e7 1.10812e7 1.08758e7 1.07195e7 1.05575e7 1.03898e7 1.02163e7 1.00368e7 9.85165e6 9.66067e6 9.46382e6 9.26106e6 9.05237e6 8.83781e6 8.61754e6 8.39150e6 8.15957e6 7.92167e6 7.67817e6 7.42708e6 7.17017e6 6.90735e6 6.63860e6 6.36387e6 6.08315e6 5.81299e6 5.54245e6 5.26139e6 4.97240e6 4.67673e6 4.37497e6 4.06741e6 3.97579e6 3.91412e6 3.85080e6 3.78590e6 3.71959e6 3.65169e6 3.58234e6 3.51154e6 3.43926e6 3.36550e6 3.29025e6 3.21291e6 3.13394e6 3.05354e6 2.97095e6 2.88647e6 2.80020e6 2.71215e6 2.62232e6 2.53074e6 2.44035e6 2.35246e6 2.26772e6 2.18141e6 2.14182e6 2.14755e6 2.15377e6 2.16073e6 2.16821e6 2.17653e6 2.18580e6 2.19591e6 2.20677e6 2.21885e6 2.24099e6 2.26920e6 2.29975e6 2.33247e6 2.36768e6 2.40524e6 2.44504e6 2.48697e6 2.53094e6 2.57683e6 2.62455e6 2.67398e6 2.74164e6 2.84364e6 2.95359e6 3.06616e6 3.17897e6 3.29091e6 3.40126e6 3.50962e6 3.61572e6 3.71938e6 4.16527e6 4.70671e6 5.23049e6 5.73622e6 6.22762e6 6.71652e6 7.19799e6 7.67084e6 8.17356e6 8.64986e6 9.11109e6 9.56008e6 1.01634e7 1.07543e7 1.13269e7 1.18860e7 1.25612e7 1.32066e7 1.38211e7 1.44040e7 1.49549e7 1.54735e7 1.59598e7 1.64140e7 1.68364e7 1.72277e7 1.75886e7 1.79199e7 1.82226e7 1.84976e7 1.87459e7 1.89686e7 1.91667e7 1.95150e7 1.98498e7 2.01624e7 2.04970e7 2.08140e7 2.11212e7 2.14198e7 2.17079e7 2.19856e7 2.22518e7 2.25063e7 2.27491e7 2.29805e7 2.32009e7 2.34107e7 2.36102e7 2.38000e7 2.39805e7 2.42656e7 2.45897e7 2.49119e7 2.53230e7 2.57084e7 2.60751e7 2.64250e7 2.67570e7 2.70749e7 2.73763e7 2.76624e7 2.79362e7 2.81980e7 2.86405e7 2.92049e7 2.97160e7 3.01894e7 3.06341e7 3.10553e7 3.14562e7 3.18389e7 3.22046e7 3.25544e7 3.28891e7 3.32091e7 3.35153e7 3.38079e7 3.40875e7 3.43545e7 3.46094e7 3.48524e7 3.50840e7 3.53045e7 3.55143e7 3.57136e7 3.59028e7 3.60822e7 3.62521e7 3.64128e7 3.65644e7 3.67114e7 3.68550e7 3.69946e7 3.71302e7 3.72614e7 3.73880e7 3.75100e7 3.76272e7 3.77395e7 3.78468e7 3.79491e7 3.80463e7 3.81383e7 3.82253e7 3.83140e7 3.84035e7 3.84931e7 3.85821e7 3.87023e7 3.88199e7 3.89339e7 3.90450e7 3.92485e7 3.94447e7 3.96352e7 3.98195e7 3.99974e7 4.01685e7 4.03326e7 4.04537e7 4.05678e7 4.06766e7 4.07800e7 4.08777e7 4.09695e7 4.10553e7 4.11350e7 4.12087e7 4.12762e7 4.13375e7 4.13928e7 4.14419e7 4.14851e7 4.15223e7 4.15536e7 4.15791e7 4.15990e7 4.16134e7 4.16224e7 4.16262e7 4.16249e7 4.16194e7 4.16099e7 4.15941e7 4.15715e7 4.15420e7 4.15053e7
metasd/WRLD3-03/wrld3-03.mdl	nonrenewable_resources	s_shaped	falling	depletion: slow, then fast, then slow as little is left	1900	0.5	1.00000e12 9.99859e11 9.99715e11 9.99569e11 9.99420e11 9.99268e11 9.99112e11 9.98954e11 9.98793e11 9.98628e11 9.98461e11 9.98290e11 9.98117e11 9.97940e11 9.97761e11 9.97578e11 9.97392e11 9.97203e11 9.97010e11 9.96815e11 9.96615e11 9.96413e11 9.96207e11 9.95998e11 9.95785e11 9.95568e11 9.95348e11 9.95124e11 9.94897e11 9.94665e11 9.94430e11 9.94190e11 9.93947e11 9.93699e11 9.93447e11 9.93191e11 9.92931e11 9.92666e11 9.92396e11 9.92122e11 9.91844e11 9.91560e11 9.91272e11 9.90978e11 9.90680e11 9.90376e11 9.90068e11 9.89754e11 9.89434e11 9.89109e11 9.88778e11 9.88442e11 9.88099e11 9.87751e11 9.87396e11 9.87036e11 9.86669e11 9.86295e11 9.85915e11 9.85528e11 9.85135e11 9.84734e11 9.84327e11 9.83912e11 9.83490e11 9.83060e11 9.82623e11 9.82178e11 9.81725e11 9.81264e11 9.80795e11 9.80317e11 9.79831e11 9.79336e11 9.78832e11 9.78319e11 9.77797e11 9.77266e11 9.76725e11 9.76174e11 9.75614e11 9.75043e11 9.74462e11 9.73870e11 9.73268e11 9.72655e11 9.72031e11 9.71396e11 9.70749e11 9.70091e11 9.69422e11 9.68740e11 9.68046e11 9.67340e11 9.66622e11 9.65891e11 9.65146e11 9.64389e11 9.63618e11 9.62834e11 9.62036e11 9.61224e11 9.60397e11 9.59556e11 9.58701e11 9.57830e11 9.56944e11 9.56042e11 9.55124e11 9.54191e11 9.53241e11 9.52274e11 9.51291e11 9.50290e11 9.49271e11 9.48235e11 9.47181e11 9.46108e11 9.45016e11 9.43906e11 9.42775e11 9.41625e11 9.40455e11 9.39265e11 9.38054e11 9.36821e11 9.35567e11 9.34292e11 9.32994e11 9.31673e11 9.30330e11 9.28964e11 9.27573e11 9.26159e11 9.24721e11 9.23257e11 9.21769e11 9.20255e11 9.18716e11 9.17147e11 9.15538e11 9.13888e11 9.12195e11 9.10460e11 9.08681e11 9.06858e11 9.04990e11 9.03077e11 9.01118e11 8.99112e11 8.97058e11 8.94956e11 8.92804e11 8.90603e11 8.88351e11 8.86048e11 8.83692e11 8.81283e11 8.78821e11 8.76303e11 8.73730e11 8.71100e11 8.68412e11 8.65666e11 8.62861e11 8.59996e11 8.57069e11 8.54081e11 8.51029e11 8.47914e11 8.44733e11 8.41487e11 8.38173e11 8.34791e11 8.31341e11 8.27820e11 8.24228e11 8.20564e11 8.16827e11 8.13016e11 8.09129e11 8.05166e11 8.01126e11 7.97007e11 7.92809e11 7.88530e11 7.84170e11 7.79727e11 7.75201e11 7.70590e11 7.65892e11 7.61108e11 7.56236e11 7.51276e11 7.46227e11 7.41088e11 7.35859e11 7.30539e11 7.25127e11 7.19622e11 7.14024e11 7.08331e11 7.02543e11 6.96659e11 6.90678e11 6.84599e11 6.78422e11 6.72145e11 6.65769e11 6.59292e11 6.52713e11 6.46032e11 6.39248e11 6.32359e11 6.25366e11 6.18267e11 6.11062e11 6.03751e11 5.96332e11 5.88826e11 5.81255e11 5.73620e11 5.65921e11 5.58161e11 5.50341e11 5.42462e11 5.34525e11 5.26534e11 5.18489e11 5.10393e11 5.02248e11 4.94056e11 4.85856e11 4.77667e11 4.69491e11 4.61332e11 4.53194e11 4.45082e11 4.37000e11 4.28952e11 4.20943e11 4.12976e11 4.05055e11 3.97185e11 3.89448e11 3.81985e11 3.74796e11 3.67876e11 3.61222e11 3.54831e11 3.48698e11 3.42819e11 3.37188e11 3.31800e11 3.26650e11 3.21730e11 3.17036e11 3.12560e11 3.08295e11 3.04235e11 3.00374e11 2.96703e11 2.93172e11 2.89771e11 2.86499e11 2.83353e11 2.80272e11 2.77252e11 2.74295e11 2.71400e11 2.68565e11 2.65791e11 2.63078e11 2.60423e11 2.57827e11 2.55289e11 2.52809e11 2.50384e11 2.48014e11 2.45700e11 2.43438e11 2.41229e11 2.39072e11 2.36965e11 2.34908e11 2.32899e11 2.30938e11 2.29023e11 2.27154e11 2.25330e11 2.23549e11 2.21811e11 2.20115e11 2.18461e11 2.16846e11 2.15271e11 2.13734e11 2.12235e11 2.10772e11 2.09346e11 2.07954e11 2.06597e11 2.05273e11 2.03981e11 2.02722e11 2.01493e11 2.00294e11 1.99125e11 1.97984e11 1.96871e11 1.95786e11 1.94728e11 1.93695e11 1.92688e11 1.91706e11 1.90748e11 1.89813e11 1.88902e11 1.88012e11 1.87145e11 1.86299e11 1.85473e11 1.84668e11 1.83883e11 1.83117e11 1.82370e11 1.81641e11 1.80930e11 1.80236e11 1.79560e11 1.78900e11 1.78256e11 1.77628e11 1.77015e11 1.76417e11 1.75834e11 1.75265e11 1.74710e11 1.74168e11 1.73640e11 1.73124e11 1.72621e11 1.72130e11 1.71651e11 1.71184e11 1.70728e11 1.70283e11 1.69849e11 1.69426e11 1.69012e11 1.68609e11 1.68215e11 1.67831e11 1.67456e11 1.67091e11 1.66734e11 1.66385e11 1.66045e11 1.65713e11 1.65390e11 1.65074e11 1.64765e11 1.64464e11 1.64170e11 1.63883e11 1.63604e11 1.63330e11 1.63064e11 1.62803e11 1.62549e11 1.62301e11 1.62059e11 1.61823e11 1.61593e11 1.61367e11 1.61148e11 1.60933e11 1.60724e11 1.60520e11 1.60320e11 1.60125e11 1.59935e11 1.59750e11 1.59569e11 1.59392e11 1.59219e11 1.59051e11 1.58886e11 1.58726e11 1.58569e11 1.58416e11 1.58267e11 1.58121e11 1.57979e11 1.57840e11 1.57704e11 1.57572e11 1.57443e11 1.57318e11 1.57195e11 1.57076e11
metasd/WRLD3-03/wrld3-03.mdl	arable_land	overshoot	rising	grows, peaks and erodes part of the way back	1900	0.5	9.00000e8 9.01365e8 9.02760e8 9.04191e8 9.05665e8 9.07184e8 9.08752e8 9.10372e8 9.12043e8 9.13764e8 9.15534e8 9.17351e8 9.19217e8 9.21130e8 9.23090e8 9.25096e8 9.27149e8 9.29249e8 9.31395e8 9.33587e8 9.35824e8 9.38108e8 9.40438e8 9.42813e8 9.45235e8 9.47702e8 9.50157e8 9.52575e8 9.54960e8 9.57315e8 9.59645e8 9.61952e8 9.64239e8 9.66508e8 9.68762e8 9.71005e8 9.73244e8 9.75480e8 9.77715e8 9.79949e8 9.82184e8 9.84421e8 9.86662e8 9.88906e8 9.91155e8 9.93411e8 9.95674e8 9.97945e8 1.00022e9 1.00251e9 1.00482e9 1.00713e9 1.00945e9 1.01179e9 1.01415e9 1.01651e9 1.01890e9 1.02130e9 1.02372e9 1.02616e9 1.02862e9 1.03110e9 1.03360e9 1.03612e9 1.03867e9 1.04123e9 1.04383e9 1.04645e9 1.04910e9 1.05177e9 1.05447e9 1.05720e9 1.05997e9 1.06276e9 1.06558e9 1.06844e9 1.07133e9 1.07426e9 1.07722e9 1.08022e9 1.08326e9 1.08634e9 1.08948e9 1.09268e9 1.09594e9 1.09928e9 1.10269e9 1.10618e9 1.10973e9 1.11336e9 1.11706e9 1.12083e9 1.12467e9 1.12859e9 1.13258e9 1.13665e9 1.14079e9 1.14501e9 1.14931e9 1.15368e9 1.15813e9 1.16267e9 1.16728e9 1.17198e9 1.17675e9 1.18162e9 1.18656e9 1.19159e9 1.19671e9 1.20183e9 1.20690e9 1.21194e9 1.21697e9 1.22200e9 1.22702e9 1.23206e9 1.23711e9 1.24218e9 1.24728e9 1.25242e9 1.25760e9 1.26282e9 1.26809e9 1.27341e9 1.27879e9 1.28424e9 1.28975e9 1.29533e9 1.30098e9 1.30671e9 1.31252e9 1.31842e9 1.32436e9 1.33025e9 1.33611e9 1.34195e9 1.34778e9 1.35360e9 1.35943e9 1.36527e9 1.37110e9 1.37693e9 1.38276e9 1.38859e9 1.39444e9 1.40029e9 1.40616e9 1.41205e9 1.41795e9 1.42387e9 1.42982e9 1.43579e9 1.44174e9 1.44765e9 1.45355e9 1.45943e9 1.46531e9 1.47117e9 1.47704e9 1.48291e9 1.48878e9 1.49466e9 1.50054e9 1.50644e9 1.51236e9 1.51829e9 1.52423e9 1.53019e9 1.53617e9 1.54217e9 1.54819e9 1.55422e9 1.56028e9 1.56635e9 1.57244e9 1.57855e9 1.58467e9 1.59080e9 1.59695e9 1.60311e9 1.60929e9 1.61554e9 1.62187e9 1.62827e9 1.63468e9 1.64111e9 1.64757e9 1.65406e9 1.66059e9 1.66715e9 1.67377e9 1.68025e9 1.68654e9 1.69270e9 1.69877e9 1.70476e9 1.71069e9 1.71657e9 1.72241e9 1.72822e9 1.73400e9 1.73976e9 1.74550e9 1.75123e9 1.75696e9 1.76269e9 1.76842e9 1.77416e9 1.77962e9 1.78486e9 1.78993e9 1.79484e9 1.79962e9 1.80430e9 1.80887e9 1.81337e9 1.81780e9 1.82218e9 1.82635e9 1.83034e9 1.83414e9 1.83776e9 1.84122e9 1.84454e9 1.84776e9 1.85087e9 1.85389e9 1.85684e9 1.85971e9 1.86253e9 1.86530e9 1.86803e9 1.87063e9 1.87304e9 1.87528e9 1.87737e9 1.87931e9 1.88112e9 1.88282e9 1.88441e9 1.88590e9 1.88730e9 1.88862e9 1.88987e9 1.89098e9 1.89186e9 1.89248e9 1.89281e9 1.89280e9 1.89249e9 1.89191e9 1.89109e9 1.89005e9 1.88882e9 1.88755e9 1.88623e9 1.88487e9 1.88348e9 1.88205e9 1.88060e9 1.87916e9 1.87774e9 1.87635e9 1.87500e9 1.87368e9 1.87241e9 1.87116e9 1.86994e9 1.86875e9 1.86758e9 1.86643e9 1.86528e9 1.86415e9 1.86301e9 1.86188e9 1.86075e9 1.85962e9 1.85851e9 1.85739e9 1.85627e9 1.85514e9 1.85400e9 1.85284e9 1.85167e9 1.85048e9 1.84926e9 1.84803e9 1.84676e9 1.84545e9 1.84412e9 1.84276e9 1.84139e9 1.84001e9 1.83864e9 1.83727e9 1.83590e9 1.83453e9 1.83316e9 1.83180e9 1.83044e9 1.82909e9 1.82774e9 1.82639e9 1.82505e9 1.82371e9 1.82237e9 1.82105e9 1.81972e9 1.81840e9 1.81708e9 1.81577e9 1.81446e9 1.81316e9 1.81186e9 1.81058e9 1.80930e9 1.80803e9 1.80677e9 1.80551e9 1.80427e9 1.80303e9 1.80181e9 1.80059e9 1.79938e9 1.79818e9 1.79699e9 1.79581e9 1.79464e9 1.79347e9 1.79231e9 1.79116e9 1.79002e9 1.78888e9 1.78775e9 1.78663e9 1.78551e9 1.78440e9 1.78330e9 1.78221e9 1.78112e9 1.78003e9 1.77896e9 1.77788e9 1.77682e9 1.77576e9 1.77470e9 1.77365e9 1.77261e9 1.77157e9 1.77053e9 1.76950e9 1.76847e9 1.76745e9 1.76644e9 1.76542e9 1.76441e9 1.76341e9 1.76241e9 1.76141e9 1.76042e9 1.75943e9 1.75844e9 1.75746e9 1.75648e9 1.75550e9 1.75453e9 1.75356e9 1.75259e9 1.75163e9 1.75066e9 1.74971e9 1.74875e9 1.74780e9 1.74685e9 1.74590e9 1.74496e9 1.74401e9 1.74307e9 1.74214e9 1.74120e9 1.74027e9 1.73934e9 1.73841e9 1.73748e9 1.73656e9 1.73563e9 1.73471e9 1.73379e9 1.73288e9 1.73196e9 1.73105e9 1.73014e9 1.72923e9 1.72832e9 1.72741e9 1.72651e9 1.72561e9 1.72470e9 1.72381e9 1.72291e9 1.72201e9
metasd/WRLD3-03/wrld3-03.mdl	fraction_of_output_in_services	rise_and_fall	rising	a small dip first, a long rise, and a fall of more than half the rise	1900	0.5	4.71664e-1 4.67173e-1 4.63899e-1 4.61388e-1 4.59350e-1 4.57558e-1 4.55986e-1 4.54612e-1 4.53417e-1 4.52321e-1 4.51384e-1 4.50599e-1 4.49949e-1 4.49421e-1 4.49003e-1 4.48682e-1 4.48450e-1 4.48296e-1 4.48213e-1 4.48192e-1 4.48227e-1 4.48312e-1 4.48440e-1 4.48607e-1 4.48808e-1 4.49039e-1 4.49275e-1 4.49515e-1 4.49766e-1 4.50033e-1 4.50315e-1 4.50613e-1 4.50925e-1 4.51249e-1 4.51585e-1 4.51932e-1 4.52292e-1 4.52661e-1 4.53036e-1 4.53417e-1 4.53803e-1 4.54191e-1 4.54582e-1 4.54974e-1 4.55368e-1 4.55762e-1 4.56157e-1 4.56551e-1 4.56944e-1 4.57336e-1 4.57728e-1 4.58117e-1 4.58505e-1 4.58891e-1 4.59274e-1 4.59656e-1 4.60035e-1 4.60411e-1 4.60785e-1 4.61156e-1 4.61524e-1 4.61889e-1 4.62251e-1 4.62611e-1 4.62967e-1 4.63321e-1 4.63671e-1 4.64018e-1 4.64363e-1 4.64704e-1 4.65043e-1 4.65378e-1 4.65710e-1 4.66040e-1 4.66367e-1 4.66690e-1 4.67011e-1 4.67329e-1 4.67644e-1 4.67956e-1 4.68267e-1 4.68579e-1 4.68890e-1 4.69169e-1 4.69445e-1 4.69728e-1 4.70020e-1 4.70321e-1 4.70630e-1 4.70944e-1 4.71262e-1 4.71583e-1 4.71907e-1 4.72231e-1 4.72556e-1 4.72880e-1 4.73204e-1 4.73527e-1 4.73848e-1 4.74167e-1 4.74485e-1 4.74800e-1 4.75113e-1 4.75424e-1 4.75733e-1 4.76039e-1 4.76343e-1 4.76644e-1 4.76943e-1 4.77213e-1 4.77458e-1 4.77696e-1 4.77934e-1 4.78174e-1 4.78416e-1 4.78661e-1 4.78908e-1 4.79158e-1 4.79411e-1 4.79666e-1 4.79925e-1 4.80187e-1 4.80452e-1 4.80719e-1 4.80990e-1 4.81264e-1 4.81540e-1 4.81820e-1 4.82103e-1 4.82390e-1 4.82679e-1 4.83013e-1 4.83434e-1 4.83780e-1 4.84098e-1 4.84405e-1 4.84707e-1 4.85007e-1 4.85307e-1 4.85615e-1 4.85977e-1 4.86382e-1 4.86822e-1 4.87292e-1 4.87786e-1 4.88301e-1 4.88833e-1 4.89380e-1 4.89940e-1 4.90509e-1 4.91087e-1 4.91671e-1 4.92248e-1 4.92825e-1 4.93403e-1 4.93985e-1 4.94569e-1 4.95156e-1 4.95745e-1 4.96336e-1 4.96929e-1 4.97523e-1 4.98118e-1 4.98714e-1 4.99311e-1 4.99909e-1 5.00508e-1 5.01107e-1 5.01707e-1 5.02307e-1 5.02908e-1 5.03510e-1 5.04111e-1 5.04715e-1 5.05320e-1 5.05926e-1 5.06534e-1 5.07144e-1 5.07755e-1 5.08368e-1 5.08982e-1 5.09598e-1 5.10214e-1 5.10834e-1 5.11439e-1 5.12047e-1 5.12657e-1 5.13269e-1 5.13884e-1 5.14501e-1 5.15275e-1 5.16108e-1 5.16905e-1 5.17687e-1 5.18463e-1 5.19238e-1 5.20013e-1 5.20787e-1 5.21562e-1 5.22335e-1 5.23108e-1 5.23879e-1 5.24648e-1 5.25414e-1 5.26178e-1 5.26939e-1 5.27696e-1 5.28450e-1 5.29180e-1 5.29900e-1 5.30618e-1 5.31335e-1 5.32053e-1 5.32772e-1 5.33491e-1 5.34211e-1 5.34932e-1 5.35743e-1 5.36911e-1 5.38427e-1 5.39872e-1 5.41254e-1 5.42581e-1 5.43859e-1 5.45096e-1 5.46295e-1 5.47462e-1 5.48602e-1 5.49716e-1 5.50807e-1 5.51878e-1 5.53577e-1 5.55444e-1 5.57212e-1 5.58914e-1 5.60608e-1 5.62293e-1 5.63967e-1 5.65631e-1 5.67283e-1 5.68923e-1 5.70550e-1 5.72162e-1 5.75127e-1 5.80475e-1 5.85583e-1 5.90444e-1 5.95060e-1 5.99436e-1 6.03579e-1 6.07494e-1 6.11188e-1 6.14666e-1 6.17933e-1 6.20989e-1 6.23838e-1 6.26485e-1 6.28939e-1 6.31227e-1 6.33347e-1 6.35302e-1 6.36096e-1 6.36692e-1 6.37243e-1 6.37755e-1 6.38226e-1 6.38747e-1 6.39314e-1 6.39917e-1 6.40547e-1 6.41197e-1 6.41858e-1 6.42520e-1 6.43178e-1 6.43823e-1 6.44447e-1 6.45044e-1 6.45606e-1 6.46129e-1 6.46606e-1 6.47031e-1 6.47400e-1 6.47707e-1 6.47948e-1 6.48119e-1 6.48217e-1 6.48780e-1 6.49334e-1 6.49761e-1 6.50113e-1 6.50439e-1 6.50758e-1 6.51072e-1 6.51374e-1 6.51650e-1 6.51907e-1 6.52144e-1 6.52358e-1 6.52546e-1 6.52708e-1 6.52841e-1 6.52946e-1 6.53020e-1 6.53064e-1 6.53076e-1 6.53056e-1 6.53004e-1 6.52920e-1 6.52802e-1 6.52644e-1 6.52449e-1 6.52220e-1 6.51960e-1 6.51673e-1 6.51354e-1 6.51004e-1 6.50620e-1 6.50499e-1 6.50407e-1 6.50255e-1 6.50060e-1 6.49833e-1 6.49580e-1 6.49302e-1 6.49003e-1 6.48682e-1 6.48340e-1 6.47976e-1 6.47590e-1 6.47183e-1 6.46753e-1 6.46301e-1 6.45827e-1 6.45329e-1 6.44808e-1 6.44264e-1 6.43697e-1 6.43106e-1 6.42490e-1 6.41851e-1 6.41188e-1 6.40500e-1 6.39788e-1 6.39052e-1 6.38291e-1 6.37505e-1 6.36694e-1 6.35858e-1 6.34996e-1 6.34110e-1 6.33198e-1 6.32261e-1 6.31298e-1 6.30310e-1 6.29297e-1 6.28259e-1 6.27195e-1 6.26106e-1 6.24991e-1 6.23851e-1 6.22685e-1 6.21492e-1 6.20274e-1 6.19030e-1 6.17760e-1 6.16465e-1 6.15143e-1 6.13797e-1 6.12424e-1 6.11026e-1 6.09603e-1 6.08154e-1 6.06679e-1 6.05178e-1 6.03652e-1 6.02100e-1 6.00521e-1 5.98917e-1 5.97286e-1 5.95629e-1 5.93946e-1 5.92237e-1 5.90501e-1 5.88739e-1 5.86950e-1 5.85135e-1 5.83294e-1 5.81427e-1 5.79533e-1 5.77612e-1 5.75666e-1 5.73693e-1 5.71694e-1 5.69670e-1 5.67619e-1 5.65400e-1 5.62923e-1 5.60406e-1 5.57851e-1 5.55261e-1 5.52637e-1
metasd/WRLD3-03/wrld3-03.mdl	labor_utilization_fraction	oscillation/growing	-	falls, recovers, falls and spikes at the end: its swings do not die away, and its last is its largest	1900	0.5	1.33618e0 1.17691e0 1.06126e0 9.88863e-1 9.81458e-1 9.74878e-1 9.68944e-1 9.63526e-1 9.58530e-1 9.53920e-1 9.49654e-1 9.45683e-1 9.41972e-1 9.38395e-1 9.34820e-1 9.31431e-1 9.28211e-1 9.25148e-1 9.22227e-1 9.19439e-1 9.16771e-1 9.14213e-1 9.11757e-1 9.09392e-1 9.07115e-1 9.04920e-1 9.02570e-1 9.00033e-1 8.97389e-1 8.94681e-1 8.91933e-1 8.89155e-1 8.86352e-1 8.83525e-1 8.80673e-1 8.77806e-1 8.74948e-1 8.72081e-1 8.69192e-1 8.66274e-1 8.63322e-1 8.60331e-1 8.57299e-1 8.54221e-1 8.51095e-1 8.47919e-1 8.44690e-1 8.41406e-1 8.38063e-1 8.34660e-1 8.31194e-1 8.27663e-1 8.24064e-1 8.20396e-1 8.16656e-1 8.15106e-1 8.15607e-1 8.16072e-1 8.16499e-1 8.16886e-1 8.17230e-1 8.17529e-1 8.17782e-1 8.17984e-1 8.18134e-1 8.18230e-1 8.18269e-1 8.18248e-1 8.18164e-1 8.18016e-1 8.17801e-1 8.17515e-1 8.17156e-1 8.16721e-1 8.16208e-1 8.15614e-1 8.14935e-1 8.14169e-1 8.13312e-1 8.12363e-1 8.11322e-1 8.10201e-1 8.08392e-1 8.06271e-1 8.03981e-1 8.01581e-1 7.98311e-1 7.94840e-1 7.91308e-1 7.87720e-1 7.84075e-1 7.80375e-1 7.76620e-1 7.72810e-1 7.68945e-1 7.65023e-1 7.61045e-1 7.58032e-1 7.58777e-1 7.59617e-1 7.60413e-1 7.61164e-1 7.61871e-1 7.62532e-1 7.63146e-1 7.63713e-1 7.64232e-1 7.64701e-1 7.65120e-1 7.65472e-1 7.65751e-1 7.65960e-1 7.66098e-1 7.66167e-1 7.66168e-1 7.66100e-1 7.65963e-1 7.65758e-1 7.65485e-1 7.65143e-1 7.64732e-1 7.64252e-1 7.63702e-1 7.63082e-1 7.62390e-1 7.61628e-1 7.60794e-1 7.59890e-1 7.58915e-1 7.57867e-1 7.56745e-1 7.55549e-1 7.54271e-1 7.52897e-1 7.51428e-1 7.49864e-1 7.48204e-1 7.46448e-1 7.44935e-1 7.45183e-1 7.45374e-1 7.45509e-1 7.45589e-1 7.45612e-1 7.45576e-1 7.45480e-1 7.45322e-1 7.45100e-1 7.44814e-1 7.44461e-1 7.44042e-1 7.43554e-1 7.42991e-1 7.42352e-1 7.41637e-1 7.40846e-1 7.39978e-1 7.39031e-1 7.38004e-1 7.36897e-1 7.35708e-1 7.34437e-1 7.33082e-1 7.31643e-1 7.30118e-1 7.28507e-1 7.27592e-1 7.27414e-1 7.27181e-1 7.26890e-1 7.26541e-1 7.26132e-1 7.25662e-1 7.25130e-1 7.24535e-1 7.23874e-1 7.23147e-1 7.22352e-1 7.21488e-1 7.20557e-1 7.19558e-1 7.18494e-1 7.17362e-1 7.16163e-1 7.14886e-1 7.13534e-1 7.12103e-1 7.10594e-1 7.09003e-1 7.07331e-1 7.05573e-1 7.03712e-1 7.01740e-1 6.99662e-1 6.97482e-1 6.95200e-1 6.92817e-1 6.90332e-1 6.87736e-1 6.85048e-1 6.82271e-1 6.79401e-1 6.76440e-1 6.73392e-1 6.70257e-1 6.67032e-1 6.63715e-1 6.60304e-1 6.56775e-1 6.53130e-1 6.51523e-1 6.50688e-1 6.49823e-1 6.48930e-1 6.48471e-1 6.48673e-1 6.48860e-1 6.49030e-1 6.49523e-1 6.50354e-1 6.51149e-1 6.51918e-1 6.52667e-1 6.53400e-1 6.54124e-1 6.54842e-1 6.55558e-1 6.56275e-1 6.56995e-1 6.57720e-1 6.58463e-1 6.59897e-1 6.61595e-1 6.63299e-1 6.65015e-1 6.66738e-1 6.68470e-1 6.70212e-1 6.71962e-1 6.73720e-1 6.75484e-1 6.77613e-1 6.80646e-1 6.86520e-1 6.97297e-1 7.07703e-1 7.17731e-1 7.27365e-1 7.36586e-1 7.45378e-1 7.53723e-1 7.61603e-1 7.69002e-1 7.75906e-1 7.82317e-1 7.88227e-1 7.93636e-1 7.98539e-1 8.02940e-1 8.06839e-1 8.10245e-1 8.11594e-1 8.15985e-1 8.21700e-1 8.26966e-1 8.40157e-1 8.52947e-1 8.65110e-1 8.76651e-1 8.87575e-1 8.97884e-1 9.07591e-1 9.16708e-1 9.25246e-1 9.33218e-1 9.40639e-1 9.47520e-1 9.53875e-1 9.59717e-1 9.65060e-1 9.69915e-1 9.74295e-1 9.78214e-1 9.81684e-1 9.84717e-1 9.87326e-1 9.90392e-1 9.94615e-1 9.98328e-1 1.00155e0 1.00429e0 1.00658e0 1.00842e0 1.00985e0 1.01096e0 1.01166e0 1.01198e0 1.01192e0 1.01151e0 1.01076e0 1.00968e0 1.00829e0 1.00660e0 1.00463e0 1.00238e0 9.99884e-1 9.97150e-1 9.94196e-1 9.91046e-1 9.87757e-1 9.84320e-1 9.80729e-1 9.76990e-1 9.73111e-1 9.69097e-1 9.64955e-1 9.60689e-1 9.56305e-1 9.51830e-1 9.47294e-1 9.42699e-1 9.38047e-1 9.33342e-1 9.28586e-1 9.23781e-1 9.18930e-1 9.14521e-1 9.11344e-1 9.08056e-1 9.04663e-1 9.01170e-1 8.97581e-1 8.93901e-1 8.90135e-1 8.86836e-1 8.87601e-1 8.88254e-1 8.88797e-1 8.88622e-1 8.87621e-1 8.86579e-1 8.85011e-1 8.82839e-1 8.80641e-1 8.78422e-1 8.76182e-1 8.73921e-1 8.71639e-1 8.69337e-1 8.67015e-1 8.64673e-1 8.62312e-1 8.59932e-1 8.57535e-1 8.55122e-1 8.52693e-1 8.50250e-1 8.47793e-1 8.45328e-1 8.47628e-1 8.50523e-1 8.53340e-1 8.56079e-1 8.58748e-1 8.61348e-1 8.63881e-1 8.66349e-1 8.68774e-1 8.71159e-1 8.73504e-1 8.75808e-1 8.78072e-1 8.80296e-1 8.82480e-1 8.84616e-1 8.86704e-1 8.88745e-1 8.90737e-1 8.92683e-1 8.94583e-1 8.96438e-1 8.98248e-1 9.00014e-1 9.01738e-1 9.03421e-1 9.05064e-1 9.06666e-1 9.08231e-1 9.09758e-1 9.11249e-1 9.12704e-1 9.59460e-1 1.01780e0 1.07521e0 1.13169e0 1.18730e0 1.24247e0 1.29770e0 1.35278e0 1.40753e0 1.46183e0
xmutil_test_models/C-LEARN v77 for Vensim.mdl	temperature_change_from_preindustrial[deterministic]	exponential	rising	a noisy historical record to 2000 (dips of up to 8% of the range), then a smooth accelerating rise	1850	1	6.30000e-2 5.85739e-2 5.61607e-2 5.51954e-2 5.52652e-2 5.60649e-2 5.73690e-2 5.90163e-2 6.08912e-2 6.29182e-2 6.50328e-2 6.70090e-2 6.85806e-2 6.97995e-2 7.07274e-2 7.14269e-2 7.19365e-2 7.22915e-2 7.25183e-2 7.26279e-2 7.26356e-2 7.25566e-2 7.24304e-2 7.23200e-2 7.22336e-2 7.21380e-2 7.20252e-2 7.18998e-2 7.17650e-2 7.16240e-2 8.49290e-2 1.16824e-1 1.43850e-1 1.25187e-1 -3.49288e-2 -2.18817e-1 -2.35824e-1 -2.17738e-1 -1.94418e-1 -1.63604e-1 -1.58692e-1 -1.60189e-1 -1.40019e-1 -1.01059e-1 -4.80611e-2 2.70371e-3 2.79371e-2 2.39139e-2 2.55214e-2 3.92306e-2 6.18526e-2 8.36567e-2 8.52330e-2 1.86835e-2 -6.21025e-2 -5.37085e-2 -1.78423e-2 1.60201e-2 3.76873e-2 5.81811e-2 8.13532e-2 1.00729e-1 1.02316e-1 7.67911e-2 6.46374e-2 8.18326e-2 1.08192e-1 1.33497e-1 1.55495e-1 1.71997e-1 1.76024e-1 1.69898e-1 1.71177e-1 1.80212e-1 1.89037e-1 1.95589e-1 2.04745e-1 2.15951e-1 2.24154e-1 2.20830e-1 2.16027e-1 2.19038e-1 2.19890e-1 2.16466e-1 2.18526e-1 2.26063e-1 2.36740e-1 2.50040e-1 2.58529e-1 2.63148e-1 2.69039e-1 2.76288e-1 2.82184e-1 2.83669e-1 2.86859e-1 2.95082e-1 3.05396e-1 3.16171e-1 3.27963e-1 3.38376e-1 3.43795e-1 3.47041e-1 3.48010e-1 3.46612e-1 3.45340e-1 3.47318e-1 3.56508e-1 3.72347e-1 3.89881e-1 4.03295e-1 4.08603e-1 4.00198e-1 3.80790e-1 3.34145e-1 2.33494e-1 1.47871e-1 1.39574e-1 1.71004e-1 1.99177e-1 2.00443e-1 2.10039e-1 2.49951e-1 2.95873e-1 3.32387e-1 3.50820e-1 3.44222e-1 3.32259e-1 3.57347e-1 3.92627e-1 4.23626e-1 4.54984e-1 4.88553e-1 4.74353e-1 3.79878e-1 3.16477e-1 3.41366e-1 3.84285e-1 4.22684e-1 4.65410e-1 5.12414e-1 5.58761e-1 5.55018e-1 4.31044e-1 3.08233e-1 3.31929e-1 3.95432e-1 4.60159e-1 5.16393e-1 5.66895e-1 6.14197e-1 6.56872e-1 6.93182e-1 7.22072e-1 7.45125e-1 7.63042e-1 7.76418e-1 7.86177e-1 7.94699e-1 8.03196e-1 8.12361e-1 8.23368e-1 8.38859e-1 8.48240e-1 8.85331e-1 9.19840e-1 9.52613e-1 9.84281e-1 1.01527e0 1.04590e0 1.07639e0 1.10690e0 1.13765e0 1.16883e0 1.20042e0 1.23241e0 1.26480e0 1.29757e0 1.33070e0 1.36419e0 1.39805e0 1.43226e0 1.46698e0 1.50244e0 1.53861e0 1.57545e0 1.61293e0 1.65097e0 1.68949e0 1.72849e0 1.76798e0 1.80794e0 1.84830e0 1.88894e0 1.92992e0 1.97127e0 2.01302e0 2.05517e0 2.09773e0 2.14071e0 2.18411e0 2.22792e0 2.27200e0 2.31616e0 2.36043e0 2.40486e0 2.44948e0 2.49432e0 2.53944e0 2.58482e0 2.63047e0 2.67638e0 2.72251e0 2.76872e0 2.81500e0 2.86133e0 2.90770e0 2.95410e0 3.00057e0 3.04709e0 3.09364e0 3.14024e0 3.18684e0 3.23339e0 3.27989e0 3.32633e0 3.37271e0 3.41904e0 3.46533e0 3.51159e0 3.55780e0 3.60398e0 3.65023e0 3.69671e0 3.74336e0 3.79011e0 3.83694e0 3.88382e0 3.93073e0 3.97766e0 4.02459e0 4.07151e0 4.11829e0 4.16473e0 4.21087e0 4.25672e0 4.30230e0 4.34764e0 4.39274e0 4.43763e0 4.48230e0 4.52677e0
xmutil_test_models/C-LEARN v77 for Vensim.mdl	temperature_change_from_preindustrial[low_2xco2_sensitivity]	exponential	rising	the same record under a lower climate sensitivity: noisier beside a smaller rise	1850	1	6.30000e-2 5.18528e-2 4.52898e-2 4.16805e-2 3.99656e-2 3.94529e-2 3.96902e-2 4.03872e-2 4.13584e-2 4.24917e-2 4.37061e-2 4.47741e-2 4.54652e-2 4.58640e-2 4.60492e-2 4.60877e-2 4.60156e-2 4.58629e-2 4.56489e-2 4.53784e-2 4.50609e-2 4.47064e-2 4.43482e-2 4.40399e-2 4.37780e-2 4.35229e-2 4.32652e-2 4.30084e-2 4.27545e-2 4.25055e-2 5.54264e-2 8.43636e-2 1.06061e-1 8.18492e-2 -7.44913e-2 -2.33279e-1 -2.22192e-1 -1.85448e-1 -1.51173e-1 -1.16077e-1 -1.10201e-1 -1.10511e-1 -9.01254e-2 -5.37640e-2 -7.36182e-3 3.33191e-2 4.70875e-2 3.44371e-2 3.05238e-2 3.98070e-2 5.73767e-2 7.32187e-2 6.88092e-2 4.63834e-4 -7.16139e-2 -5.32904e-2 -1.32434e-2 1.93759e-2 3.71187e-2 5.27776e-2 7.01713e-2 8.32620e-2 7.88171e-2 5.05321e-2 3.89997e-2 5.63027e-2 8.01854e-2 1.00841e-1 1.16940e-1 1.27134e-1 1.25375e-1 1.15427e-1 1.14331e-1 1.21021e-1 1.27000e-1 1.30664e-1 1.36823e-1 1.44734e-1 1.49273e-1 1.42917e-1 1.36492e-1 1.38303e-1 1.37802e-1 1.33492e-1 1.34944e-1 1.41353e-1 1.50179e-1 1.60682e-1 1.65829e-1 1.67343e-1 1.70389e-1 1.74835e-1 1.77838e-1 1.76777e-1 1.77885e-1 1.83907e-1 1.91517e-1 1.99118e-1 2.07356e-1 2.13855e-1 2.15538e-1 2.15560e-1 2.13857e-1 2.10461e-1 2.07781e-1 2.08638e-1 2.16329e-1 2.29613e-1 2.43329e-1 2.52190e-1 2.53044e-1 2.41387e-1 2.21109e-1 1.76401e-1 8.46683e-2 1.64711e-2 2.54145e-2 6.72482e-2 9.86878e-2 1.00551e-1 1.10658e-1 1.48300e-1 1.87975e-1 2.15524e-1 2.24756e-1 2.10761e-1 1.95511e-1 2.17659e-1 2.47384e-1 2.70815e-1 2.93573e-1 3.17501e-1 2.93991e-1 1.98928e-1 1.45259e-1 1.78691e-1 2.23203e-1 2.58154e-1 2.94002e-1 3.31332e-1 3.65711e-1 3.49841e-1 2.23052e-1 1.14733e-1 1.53566e-1 2.22214e-1 2.83108e-1 3.29934e-1 3.68100e-1 4.01491e-1 4.29562e-1 4.51303e-1 4.66392e-1 4.76835e-1 4.83524e-1 4.87087e-1 4.88466e-1 4.89812e-1 4.92051e-1 4.95487e-1 5.01101e-1 5.10984e-1 5.14792e-1 5.45172e-1 5.70699e-1 5.93199e-1 6.13867e-1 6.33449e-1 6.52426e-1 6.71109e-1 6.89700e-1 7.08417e-1 7.27422e-1 7.46683e-1 7.66176e-1 7.85886e-1 8.05793e-1 8.25881e-1 8.46150e-1 8.66598e-1 8.87226e-1 9.08183e-1 9.29673e-1 9.51627e-1 9.73996e-1 9.96746e-1 1.01980e0 1.04307e0 1.06659e0 1.09035e0 1.11437e0 1.13856e0 1.16282e0 1.18723e0 1.21182e0 1.23663e0 1.26165e0 1.28690e0 1.31237e0 1.33807e0 1.36398e0 1.38999e0 1.41589e0 1.44178e0 1.46771e0 1.49370e0 1.51979e0 1.54604e0 1.57242e0 1.59894e0 1.62559e0 1.65231e0 1.67901e0 1.70566e0 1.73227e0 1.75883e0 1.78537e0 1.81189e0 1.83840e0 1.86488e0 1.89135e0 1.91776e0 1.94408e0 1.97031e0 1.99644e0 2.02249e0 2.04847e0 2.07439e0 2.10026e0 2.12606e0 2.15181e0 2.17761e0 2.20361e0 2.22971e0 2.25586e0 2.28202e0 2.30817e0 2.33431e0 2.36042e0 2.38649e0 2.41252e0 2.43838e0 2.46390e0 2.48915e0 2.51416e0 2.53895e0 2.56356e0 2.58800e0 2.61228e0 2.63641e0 2.66039e0
xmutil_test_models/C-LEARN v77 for Vensim.mdl	atm_conc_co2[deterministic]	exponential	rising	accelerating growth with no turning point	1850	1	2.84700e2 2.85012e2 2.85281e2 2.85540e2 2.85780e2 2.86006e2 2.86220e2 2.86425e2 2.86621e2 2.86811e2 2.86997e2 2.87181e2 2.87350e2 2.87498e2 2.87645e2 2.87791e2 2.87933e2 2.88073e2 2.88211e2 2.88346e2 2.88479e2 2.88614e2 2.88769e2 2.88950e2 2.89126e2 2.89299e2 2.89472e2 2.89644e2 2.89815e2 2.89986e2 2.90167e2 2.90389e2 2.90630e2 2.90854e2 2.90967e2 2.90861e2 2.90792e2 2.90829e2 2.90918e2 2.91055e2 2.91204e2 2.91345e2 2.91504e2 2.91697e2 2.91933e2 2.92211e2 2.92504e2 2.92768e2 2.93020e2 2.93283e2 2.93571e2 2.93884e2 2.94213e2 2.94500e2 2.94696e2 2.94925e2 2.95236e2 2.95609e2 2.96002e2 2.96384e2 2.96784e2 2.97183e2 2.97559e2 2.97900e2 2.98203e2 2.98488e2 2.98805e2 2.99161e2 2.99528e2 2.99868e2 3.00192e2 3.00519e2 3.00820e2 3.01154e2 3.01522e2 3.01885e2 3.02243e2 3.02618e2 3.03026e2 3.03435e2 3.03847e2 3.04229e2 3.04547e2 3.04816e2 3.05108e2 3.05432e2 3.05789e2 3.06188e2 3.06586e2 3.06966e2 3.07373e2 3.07801e2 3.08231e2 3.08662e2 3.09092e2 3.09478e2 3.09839e2 3.10283e2 3.10779e2 3.11276e2 3.11777e2 3.12374e2 3.13046e2 3.13707e2 3.14370e2 3.15074e2 3.15851e2 3.16678e2 3.17534e2 3.18396e2 3.19249e2 3.20112e2 3.20963e2 3.21813e2 3.22630e2 3.23405e2 3.24247e2 3.25194e2 3.26210e2 3.27268e2 3.28394e2 3.29592e2 3.30830e2 3.32140e2 3.33471e2 3.34746e2 3.36004e2 3.37357e2 3.38778e2 3.40250e2 3.41712e2 3.43120e2 3.44497e2 3.45810e2 3.47072e2 3.48446e2 3.49935e2 3.51487e2 3.53132e2 3.54853e2 3.56573e2 3.58280e2 3.59881e2 3.61239e2 3.62644e2 3.64163e2 3.65784e2 3.67456e2 3.69113e2 3.70766e2 3.72458e2 3.74185e2 3.75939e2 3.77802e2 3.79805e2 3.81900e2 3.84031e2 3.86230e2 3.88474e2 3.90705e2 3.92954e2 3.95329e2 3.97771e2 4.00276e2 4.02865e2 4.05563e2 4.08353e2 4.11219e2 4.14158e2 4.17171e2 4.20256e2 4.23409e2 4.26621e2 4.29894e2 4.33227e2 4.36621e2 4.40076e2 4.43594e2 4.47174e2 4.50817e2 4.54524e2 4.58305e2 4.62179e2 4.66144e2 4.70201e2 4.74348e2 4.78587e2 4.82916e2 4.87336e2 4.91847e2 4.96448e2 5.01150e2 5.05963e2 5.10887e2 5.15922e2 5.21067e2 5.26323e2 5.31690e2 5.37168e2 5.42757e2 5.48457e2 5.54268e2 5.60191e2 5.66226e2 5.72372e2 5.78631e2 5.85003e2 5.91488e2 5.98088e2 6.04802e2 6.11632e2 6.18561e2 6.25562e2 6.32638e2 6.39789e2 6.47019e2 6.54328e2 6.61717e2 6.69189e2 6.76744e2 6.84384e2 6.92094e2 6.99848e2 7.07650e2 7.15502e2 7.23405e2 7.31362e2 7.39372e2 7.47439e2 7.55563e2 7.63745e2 7.71977e2 7.80247e2 7.88556e2 7.96906e2 8.05299e2 8.13734e2 8.22215e2 8.30740e2 8.39312e2 8.47931e2 8.56590e2 8.65273e2 8.73983e2 8.82719e2 8.91484e2 9.00277e2 9.09099e2 9.17951e2 9.26833e2 9.35746e2
xmutil_test_models/C-LEARN v77 for Vensim.mdl	ch4_fractional_uptake[deterministic]	s_shaped	falling	its decline per decade is largest in the 2040s and falls by almost half by the 2090s: a late inflection	1850	1	1.16000e-1 1.15942e-1 1.15890e-1 1.15842e-1 1.15800e-1 1.15761e-1 1.15726e-1 1.15694e-1 1.15665e-1 1.15639e-1 1.15615e-1 1.15593e-1 1.15571e-1 1.15549e-1 1.15529e-1 1.15508e-1 1.15488e-1 1.15469e-1 1.15449e-1 1.15431e-1 1.15413e-1 1.15395e-1 1.15376e-1 1.15357e-1 1.15338e-1 1.15320e-1 1.15302e-1 1.15284e-1 1.15265e-1 1.15246e-1 1.15225e-1 1.15203e-1 1.15179e-1 1.15153e-1 1.15126e-1 1.15101e-1 1.15075e-1 1.15049e-1 1.15022e-1 1.14995e-1 1.14967e-1 1.14939e-1 1.14911e-1 1.14883e-1 1.14856e-1 1.14828e-1 1.14800e-1 1.14772e-1 1.14742e-1 1.14711e-1 1.14679e-1 1.14645e-1 1.14609e-1 1.14571e-1 1.14533e-1 1.14494e-1 1.14454e-1 1.14412e-1 1.14370e-1 1.14331e-1 1.14291e-1 1.14253e-1 1.14218e-1 1.14182e-1 1.14148e-1 1.14120e-1 1.14092e-1 1.14060e-1 1.14028e-1 1.14000e-1 1.13974e-1 1.13945e-1 1.13919e-1 1.13887e-1 1.13851e-1 1.13816e-1 1.13781e-1 1.13746e-1 1.13707e-1 1.13669e-1 1.13633e-1 1.13603e-1 1.13580e-1 1.13559e-1 1.13534e-1 1.13506e-1 1.13474e-1 1.13437e-1 1.13400e-1 1.13364e-1 1.13326e-1 1.13286e-1 1.13245e-1 1.13206e-1 1.13168e-1 1.13135e-1 1.13106e-1 1.13068e-1 1.13024e-1 1.12979e-1 1.12934e-1 1.12878e-1 1.12809e-1 1.12737e-1 1.12664e-1 1.12587e-1 1.12502e-1 1.12414e-1 1.12321e-1 1.12228e-1 1.12135e-1 1.12038e-1 1.11937e-1 1.11832e-1 1.11722e-1 1.11606e-1 1.11488e-1 1.11367e-1 1.11244e-1 1.11116e-1 1.10965e-1 1.10801e-1 1.10655e-1 1.10500e-1 1.10356e-1 1.10222e-1 1.10082e-1 1.09933e-1 1.09785e-1 1.09641e-1 1.09492e-1 1.09362e-1 1.09232e-1 1.09085e-1 1.08973e-1 1.08882e-1 1.08785e-1 1.08668e-1 1.08548e-1 1.08446e-1 1.08328e-1 1.08197e-1 1.08067e-1 1.07954e-1 1.07875e-1 1.07795e-1 1.07728e-1 1.07631e-1 1.07514e-1 1.07462e-1 1.07429e-1 1.07393e-1 1.07340e-1 1.07272e-1 1.07191e-1 1.07086e-1 1.06956e-1 1.06804e-1 1.06661e-1 1.06528e-1 1.06393e-1 1.06259e-1 1.06118e-1 1.05971e-1 1.05820e-1 1.05663e-1 1.05502e-1 1.05335e-1 1.05163e-1 1.04987e-1 1.04806e-1 1.04622e-1 1.04437e-1 1.04252e-1 1.04065e-1 1.03878e-1 1.03690e-1 1.03501e-1 1.03312e-1 1.03122e-1 1.02931e-1 1.02738e-1 1.02537e-1 1.02330e-1 1.02117e-1 1.01899e-1 1.01676e-1 1.01448e-1 1.01217e-1 1.00982e-1 1.00744e-1 1.00502e-1 1.00257e-1 1.00009e-1 9.97584e-2 9.95051e-2 9.92495e-2 9.89918e-2 9.87323e-2 9.84711e-2 9.82085e-2 9.79465e-2 9.76885e-2 9.74339e-2 9.71826e-2 9.69343e-2 9.66887e-2 9.64455e-2 9.62046e-2 9.59658e-2 9.57289e-2 9.54966e-2 9.52731e-2 9.50575e-2 9.48493e-2 9.46479e-2 9.44525e-2 9.42628e-2 9.40783e-2 9.38986e-2 9.37232e-2 9.35514e-2 9.33819e-2 9.32147e-2 9.30495e-2 9.28862e-2 9.27247e-2 9.25648e-2 9.24064e-2 9.22493e-2 9.20936e-2 9.19384e-2 9.17828e-2 9.16267e-2 9.14702e-2 9.13134e-2 9.11563e-2 9.09990e-2 9.08413e-2 9.06835e-2 9.05256e-2 9.03699e-2 9.02202e-2 9.00761e-2 8.99372e-2 8.98032e-2 8.96735e-2 8.95480e-2 8.94264e-2 8.93083e-2 8.91936e-2
xmutil_test_models/C-LEARN v77 for Vensim.mdl	aggregated_population[developing_a_countries]	overshoot	rising	grows, peaks about 2050 and declines by a tenth of its range	1850	1	6.99881e8 6.97670e8 6.95496e8 6.93360e8 6.91263e8 6.89203e8 6.87179e8 6.85194e8 6.83245e8 6.81332e8 6.79456e8 6.79003e8 6.78567e8 6.78148e8 6.77745e8 6.77359e8 6.76988e8 6.76635e8 6.76299e8 6.75979e8 6.79496e8 6.81775e8 6.84066e8 6.86371e8 6.88689e8 6.91019e8 6.93364e8 6.95722e8 6.98092e8 7.00479e8 7.02878e8 7.07194e8 7.11846e8 7.16234e8 7.20653e8 7.25108e8 7.29597e8 7.34122e8 7.38683e8 7.43280e8 7.47912e8 7.49533e8 7.51182e8 7.52858e8 7.54566e8 7.56330e8 7.58024e8 7.59776e8 7.61558e8 7.65304e8 7.86444e8 7.91355e8 7.96884e8 8.02302e8 8.07885e8 8.13533e8 8.19137e8 8.24771e8 8.30448e8 8.36172e8 8.41586e8 8.48762e8 8.55299e8 8.62704e8 8.69509e8 8.76264e8 8.83209e8 8.90253e8 8.96882e8 9.03984e8 9.11290e8 9.16579e8 9.23567e8 9.30744e8 9.37849e8 9.45143e8 9.52549e8 9.59992e8 9.67653e8 9.75593e8 9.83499e8 9.94870e8 1.00662e9 1.01842e9 1.02932e9 1.04044e9 1.05166e9 1.06345e9 1.07515e9 1.08706e9 1.09894e9 1.11026e9 1.11893e9 1.12992e9 1.14001e9 1.15044e9 1.16298e9 1.10206e9 1.11347e9 1.12654e9 1.18172e9 1.20472e9 1.22997e9 1.25660e9 1.28494e9 1.31303e9 1.34186e9 1.37406e9 1.40742e9 1.43707e9 1.44626e9 1.45803e9 1.48258e9 1.51881e9 1.55500e9 1.59255e9 1.63395e9 1.67490e9 1.71720e9 1.76165e9 1.80755e9 1.85460e9 1.90039e9 1.94584e9 1.99041e9 2.03331e9 2.07504e9 2.11588e9 2.15725e9 2.19947e9 2.24143e9 2.28431e9 2.32964e9 2.37520e9 2.41997e9 2.46572e9 2.51335e9 2.56277e9 2.61263e9 2.66182e9 2.71022e9 2.75738e9 2.80287e9 2.84754e9 2.89229e9 2.93687e9 2.98159e9 3.02609e9 3.06999e9 3.11263e9 3.15417e9 3.19454e9 3.23385e9 3.27180e9 3.30919e9 3.34613e9 3.38228e9 3.41760e9 3.45251e9 3.48703e9 3.52137e9 3.55578e9 3.59039e9 3.62491e9 3.68721e9 3.72300e9 3.75476e9 3.78655e9 3.81832e9 3.85008e9 3.88186e9 3.90876e9 3.93566e9 3.96258e9 3.98949e9 4.01639e9 4.03833e9 4.06027e9 4.08219e9 4.10413e9 4.12607e9 4.14321e9 4.16032e9 4.17745e9 4.19459e9 4.21172e9 4.22399e9 4.23625e9 4.24853e9 4.26080e9 4.27307e9 4.28047e9 4.28788e9 4.29527e9 4.30267e9 4.31008e9 4.31289e9 4.31571e9 4.31852e9 4.32134e9 4.32415e9 4.32302e9 4.32190e9 4.32077e9 4.31964e9 4.31851e9 4.31417e9 4.30982e9 4.30547e9 4.30113e9 4.29677e9 4.28998e9 4.28316e9 4.27636e9 4.26955e9 4.26276e9 4.25406e9 4.24537e9 4.23668e9 4.22798e9 4.21929e9 4.20903e9 4.19877e9 4.18851e9 4.17825e9 4.16799e9 4.15674e9 4.14549e9 4.13423e9 4.12297e9 4.11173e9 4.10045e9 4.08919e9 4.07791e9 4.06665e9 4.05538e9 4.04454e9 4.03370e9 4.02286e9 4.01203e9 4.00119e9 3.99048e9 3.97977e9 3.96906e9 3.95834e9 3.94763e9 3.93672e9 3.92582e9 3.91491e9 3.90401e9 3.89310e9
land_model/land_model.stmx	waste_land	linear	falling	a start-up rise of 15% of its range in the first five of seventy years, then a steady decline	1980	0.125	2.06101e6 2.07224e6 2.08278e6 2.09267e6 2.10194e6 2.11064e6 2.11878e6 2.12641e6 2.13355e6 2.14023e6 2.14647e6 2.15229e6 2.15773e6 2.16279e6 2.16750e6 2.17188e6 2.17595e6 2.17972e6 2.18320e6 2.18642e6 2.18938e6 2.19210e6 2.19459e6 2.19686e6 2.19893e6 2.20080e6 2.20249e6 2.20399e6 2.20533e6 2.20651e6 2.20754e6 2.20842e6 2.20916e6 2.20977e6 2.21026e6 2.21062e6 2.21087e6 2.21102e6 2.21105e6 2.21099e6 2.21084e6 2.21059e6 2.21026e6 2.20984e6 2.20935e6 2.20878e6 2.20814e6 2.20742e6 2.20665e6 2.20580e6 2.20490e6 2.20394e6 2.20292e6 2.20185e6 2.20073e6 2.19956e6 2.19834e6 2.19708e6 2.19577e6 2.19442e6 2.19303e6 2.19160e6 2.19014e6 2.18864e6 2.18710e6 2.18553e6 2.18393e6 2.18230e6 2.18064e6 2.17895e6 2.17723e6 2.17549e6 2.17372e6 2.17193e6 2.17011e6 2.16827e6 2.16641e6 2.16453e6 2.16263e6 2.16071e6 2.15877e6 2.15681e6 2.15483e6 2.15284e6 2.15083e6 2.14880e6 2.14676e6 2.14471e6 2.14264e6 2.14056e6 2.13846e6 2.13635e6 2.13423e6 2.13210e6 2.12996e6 2.12780e6 2.12564e6 2.12346e6 2.12128e6 2.11908e6 2.11688e6 2.11467e6 2.11245e6 2.11022e6 2.10799e6 2.10574e6 2.10349e6 2.10123e6 2.09897e6 2.09670e6 2.09442e6 2.09214e6 2.08985e6 2.08756e6 2.08526e6 2.08296e6 2.08065e6 2.07834e6 2.07602e6 2.07370e6 2.07138e6 2.06905e6 2.06671e6 2.06438e6 2.06204e6 2.05970e6 2.05735e6 2.05500e6 2.05265e6 2.05030e6 2.04795e6 2.04559e6 2.04323e6 2.04087e6 2.03850e6 2.03614e6 2.03377e6 2.03141e6 2.02904e6 2.02667e6 2.02429e6 2.02192e6 2.01955e6 2.01717e6 2.01480e6 2.01242e6 2.01005e6 2.00767e6 2.00529e6 2.00291e6 2.00054e6 1.99816e6 1.99578e6 1.99340e6 1.99103e6 1.98865e6 1.98627e6 1.98389e6 1.98152e6 1.97914e6 1.97677e6 1.97439e6 1.97202e6 1.96964e6 1.96727e6 1.96490e6 1.96253e6 1.96015e6 1.95779e6 1.95542e6 1.95305e6 1.95068e6 1.94832e6 1.94595e6 1.94359e6 1.94123e6 1.93887e6 1.93651e6 1.93415e6 1.93179e6 1.92944e6 1.92709e6 1.92473e6 1.92238e6 1.92004e6 1.91769e6 1.91534e6 1.91300e6 1.91066e6 1.90832e6 1.90598e6 1.90364e6 1.90131e6 1.89897e6 1.89664e6 1.89431e6 1.89198e6 1.88966e6 1.88733e6 1.88501e6 1.88269e6 1.88038e6 1.87806e6 1.87575e6 1.87343e6 1.87112e6 1.86882e6 1.86651e6 1.86421e6 1.86191e6 1.85961e6 1.85731e6 1.85502e6 1.85273e6 1.85044e6 1.84815e6 1.84586e6 1.84358e6 1.84130e6 1.83902e6 1.83674e6 1.83447e6 1.83220e6 1.82993e6 1.82766e6 1.82539e6 1.82313e6 1.82087e6 1.81861e6 1.81636e6 1.81411e6 1.81185e6 1.80961e6 1.80736e6 1.80512e6 1.80288e6 1.80064e6 1.79840e6 1.79617e6 1.79394e6 1.79171e6 1.78948e6 1.78726e6 1.78504e6 1.78282e6 1.78060e6 1.77839e6 1.77617e6 1.77397e6 1.77176e6 1.76956e6 1.76735e6 1.76515e6 1.76296e6 1.76076e6 1.75857e6 1.75638e6 1.75420e6 1.75201e6 1.74983e6 1.74765e6 1.74548e6 1.74330e6 1.74113e6 1.73896e6 1.73679e6 1.73463e6 1.73247e6 1.73031e6 1.72815e6 1.72600e6 1.72385e6 1.72170e6 1.71955e6 1.71741e6 1.71527e6 1.71313e6 1.71100e6 1.70886e6 1.70673e6 1.70460e6 1.70248e6 1.70035e6 1.69823e6 1.69612e6 1.69400e6 1.69189e6 1.68978e6 1.68767e6 1.68556e6 1.68346e6 1.68136e6 1.67926e6 1.67717e6 1.67507e6 1.67298e6 1.67089e6 1.66881e6 1.66673e6 1.66465e6 1.66257e6 1.66049e6 1.65842e6 1.65635e6 1.65428e6 1.65222e6 1.65015e6 1.64809e6 1.64604e6 1.64398e6 1.64193e6 1.63988e6 1.63783e6 1.63579e6 1.63374e6 1.63170e6 1.62967e6 1.62763e6 1.62560e6 1.62357e6 1.62154e6 1.61952e6 1.61749e6 1.61547e6 1.61346e6 1.61144e6 1.60943e6 1.60742e6 1.60541e6 1.60341e6 1.60140e6 1.59940e6 1.59740e6 1.59541e6 1.59342e6 1.59143e6 1.58944e6 1.58745e6 1.58547e6 1.58349e6 1.58151e6 1.57953e6 1.57756e6 1.57559e6 1.57362e6 1.57166e6 1.56969e6 1.56773e6 1.56577e6 1.56382e6 1.56186e6 1.55991e6 1.55796e6 1.55601e6 1.55407e6 1.55213e6 1.55019e6 1.54825e6 1.54632e6 1.54439e6 1.54246e6 1.54053e6 1.53860e6 1.53668e6 1.53476e6 1.53284e6 1.53093e6 1.52901e6 1.52710e6 1.52520e6 1.52329e6 1.52139e6 1.51948e6 1.51759e6 1.51569e6 1.51380e6 1.51190e6 1.51001e6 1.50813e6 1.50624e6 1.50436e6 1.50248e6 1.50060e6 1.49873e6 1.49685e6 1.49498e6 1.49311e6 1.49125e6 1.48938e6 1.48752e6 1.48566e6 1.48381e6 1.48195e6 1.48010e6 1.47825e6 1.47640e6 1.47456e6 1.47272e6 1.47087e6 1.46904e6 1.46720e6 1.46537e6 1.46354e6 1.46171e6 1.45988e6 1.45805e6 1.45623e6 1.45441e6 1.45259e6 1.45078e6 1.44897e6 1.44715e6 1.44535e6 1.44354e6 1.44174e6 1.43993e6 1.43813e6 1.43634e6 1.43454e6 1.43275e6 1.43096e6 1.42917e6 1.42738e6 1.42560e6 1.42382e6 1.42204e6 1.42026e6 1.41848e6 1.41671e6 1.41494e6 1.41317e6 1.41141e6 1.40964e6 1.40788e6 1.40612e6 1.40436e6 1.40261e6 1.40085e6 1.39910e6 1.39735e6 1.39561e6 1.39386e6 1.39212e6 1.39038e6 1.38864e6 1.38691e6 1.38517e6 1.38344e6 1.38171e6 1.37999e6 1.37826e6 1.37654e6 1.37482e6 1.37310e6 1.37138e6 1.36967e6 1.36796e6 1.36625e6 1.36454e6 1.36283e6 1.36113e6 1.35943e6 1.35773e6 1.35603e6 1.35434e6 1.35264e6 1.35095e6 1.34926e6 1.34758e6 1.34589e6 1.34421e6 1.34253e6 1.34085e6 1.33918e6 1.33750e6 1.33583e6 1.33416e6 1.33249e6 1.33083e6 1.32916e6 1.32750e6 1.32584e6 1.32419e6 1.32253e6 1.32088e6 1.31923e6 1.31758e6 1.31593e6 1.31429e6 1.31264e6 1.31100e6 1.30936e6 1.30773e6 1.30609e6 1.30446e6 1.30283e6 1.30120e6 1.29957e6 1.29795e6 1.29633e6 1.29471e6 1.29309e6 1.29147e6 1.28986e6 1.28825e6 1.28664e6 1.28503e6 1.28342e6 1.28182e6 1.28021e6 1.27861e6 1.27702e6 1.27542e6 1.27383e6 1.27223e6 1.27064e6 1.26906e6 1.26747e6 1.26588e6 1.26430e6 1.26272e6 1.26114e6 1.25957e6 1.25799e6 1.25642e6 1.25485e6 1.25328e6 1.25171e6 1.25015e6 1.24859e6 1.24703e6 1.24547e6 1.24391e6 1.24236e6 1.24080e6 1.23925e6 1.23770e6 1.23616e6 1.23461e6 1.23307e6 1.23153e6 1.22999e6 1.22845e6 1.22691e6 1.22538e6 1.22385e6 1.22232e6 1.22079e6 1.21926e6 1.21774e6 1.21622e6 1.21470e6 1.21318e6 1.21166e6 1.21015e6 1.20864e6 1.20713e6 1.20562e6 1.20411e6 1.20260e6 1.20110e6
test-models/samples/bpowers-hares_and_lynxes_modules/model.xmile	hares·deaths	fall_and_rise	falling	falls by a quarter of its range over the first half of the run, then rises to almost four times its start	0	0.5	6.25000e4 6.77473e4 6.95818e4 6.67431e4 5.91892e4 4.80959e4 3.61061e4 2.58837e4 1.85106e4 1.29814e4 1.14193e4 1.10280e4 1.16225e4 1.33276e4 1.65587e4 2.18622e4 3.02289e4 4.28944e4 6.10214e4 8.54386e4 1.16013e5 1.50969e5 1.86885e5 2.18054e5 2.37026e5
metasd/WRLD3-03/wrld3-03.mdl	fraction_of_industrial_output_allocated_to_agriculture	rise_and_fall	rising	flat to 1940, rises to a plateau by 2020 that dips a seventh and recovers, then falls back over half its rise by 2100	1900	0.5	1.08958e-1 1.07441e-1 1.06724e-1 1.06457e-1 1.06431e-1 1.06512e-1 1.06658e-1 1.06841e-1 1.07040e-1 1.07225e-1 1.07413e-1 1.07601e-1 1.07782e-1 1.07956e-1 1.08121e-1 1.08275e-1 1.08420e-1 1.08555e-1 1.08681e-1 1.08798e-1 1.08906e-1 1.09007e-1 1.09100e-1 1.09185e-1 1.09263e-1 1.09333e-1 1.09365e-1 1.09363e-1 1.09344e-1 1.09318e-1 1.09291e-1 1.09264e-1 1.09240e-1 1.09218e-1 1.09198e-1 1.09183e-1 1.09176e-1 1.09174e-1 1.09175e-1 1.09177e-1 1.09180e-1 1.09184e-1 1.09189e-1 1.09194e-1 1.09200e-1 1.09206e-1 1.09213e-1 1.09219e-1 1.09226e-1 1.09234e-1 1.09241e-1 1.09249e-1 1.09258e-1 1.09267e-1 1.09276e-1 1.09285e-1 1.09295e-1 1.09305e-1 1.09316e-1 1.09327e-1 1.09340e-1 1.09353e-1 1.09366e-1 1.09381e-1 1.09396e-1 1.09412e-1 1.09428e-1 1.09445e-1 1.09463e-1 1.09482e-1 1.09502e-1 1.09522e-1 1.09544e-1 1.09566e-1 1.09589e-1 1.09613e-1 1.09638e-1 1.09664e-1 1.09691e-1 1.09719e-1 1.09751e-1 1.09791e-1 1.10270e-1 1.10612e-1 1.10895e-1 1.11151e-1 1.11393e-1 1.11625e-1 1.11852e-1 1.12073e-1 1.12289e-1 1.12502e-1 1.12710e-1 1.12916e-1 1.13118e-1 1.13317e-1 1.13513e-1 1.13707e-1 1.13898e-1 1.14087e-1 1.14275e-1 1.14460e-1 1.14643e-1 1.14826e-1 1.15006e-1 1.15186e-1 1.15365e-1 1.15543e-1 1.15720e-1 1.15840e-1 1.15917e-1 1.15992e-1 1.16075e-1 1.16171e-1 1.16278e-1 1.16396e-1 1.16525e-1 1.16664e-1 1.16813e-1 1.16971e-1 1.17138e-1 1.17313e-1 1.17496e-1 1.17687e-1 1.17886e-1 1.18093e-1 1.18307e-1 1.18526e-1 1.18750e-1 1.18980e-1 1.19216e-1 1.19550e-1 1.20067e-1 1.20402e-1 1.20671e-1 1.20919e-1 1.21161e-1 1.21405e-1 1.21632e-1 1.21761e-1 1.21914e-1 1.22079e-1 1.22253e-1 1.22434e-1 1.22619e-1 1.22810e-1 1.23005e-1 1.23205e-1 1.23409e-1 1.23617e-1 1.23830e-1 1.24047e-1 1.24239e-1 1.24425e-1 1.24616e-1 1.24815e-1 1.25022e-1 1.25236e-1 1.25457e-1 1.25686e-1 1.25922e-1 1.26165e-1 1.26415e-1 1.26671e-1 1.26934e-1 1.27202e-1 1.27477e-1 1.27759e-1 1.28047e-1 1.28340e-1 1.28639e-1 1.28944e-1 1.29251e-1 1.29568e-1 1.29893e-1 1.30227e-1 1.30567e-1 1.30916e-1 1.31273e-1 1.31638e-1 1.32012e-1 1.32392e-1 1.32777e-1 1.33178e-1 1.33544e-1 1.33925e-1 1.34317e-1 1.34721e-1 1.35135e-1 1.35559e-1 1.36382e-1 1.37323e-1 1.38140e-1 1.38903e-1 1.39643e-1 1.40373e-1 1.41102e-1 1.41829e-1 1.42555e-1 1.43281e-1 1.44006e-1 1.44730e-1 1.45453e-1 1.46175e-1 1.46895e-1 1.47613e-1 1.48329e-1 1.49042e-1 1.49700e-1 1.50346e-1 1.50997e-1 1.51657e-1 1.52330e-1 1.53016e-1 1.53712e-1 1.54419e-1 1.55134e-1 1.56092e-1 1.56831e-1 1.57394e-1 1.57977e-1 1.58572e-1 1.59175e-1 1.59781e-1 1.60392e-1 1.61003e-1 1.61617e-1 1.62233e-1 1.62850e-1 1.63466e-1 1.64080e-1 1.64429e-1 1.64704e-1 1.65003e-1 1.65315e-1 1.65629e-1 1.65944e-1 1.66260e-1 1.66576e-1 1.66892e-1 1.67207e-1 1.67522e-1 1.67835e-1 1.67612e-1 1.66493e-1 1.65557e-1 1.64733e-1 1.63989e-1 1.63310e-1 1.62689e-1 1.62119e-1 1.61599e-1 1.61127e-1 1.60700e-1 1.60307e-1 1.59946e-1 1.59616e-1 1.59332e-1 1.59144e-1 1.59034e-1 1.58998e-1 1.59780e-1 1.60554e-1 1.61322e-1 1.62098e-1 1.62682e-1 1.63260e-1 1.63833e-1 1.64393e-1 1.64933e-1 1.65443e-1 1.65917e-1 1.66348e-1 1.66728e-1 1.67052e-1 1.67313e-1 1.67505e-1 1.67623e-1 1.67662e-1 1.67620e-1 1.67491e-1 1.67272e-1 1.66962e-1 1.66556e-1 1.66053e-1 1.65451e-1 1.65789e-1 1.66121e-1 1.66226e-1 1.66212e-1 1.66175e-1 1.66151e-1 1.66145e-1 1.66142e-1 1.66130e-1 1.66112e-1 1.66084e-1 1.66043e-1 1.65986e-1 1.65913e-1 1.65821e-1 1.65711e-1 1.65582e-1 1.65433e-1 1.65265e-1 1.65073e-1 1.64855e-1 1.64613e-1 1.64343e-1 1.64044e-1 1.63721e-1 1.63375e-1 1.63015e-1 1.62642e-1 1.62255e-1 1.61853e-1 1.61434e-1 1.61444e-1 1.61514e-1 1.61503e-1 1.61443e-1 1.61353e-1 1.61242e-1 1.61115e-1 1.60976e-1 1.60826e-1 1.60666e-1 1.60497e-1 1.60319e-1 1.60132e-1 1.59936e-1 1.59731e-1 1.59518e-1 1.59296e-1 1.59065e-1 1.58826e-1 1.58579e-1 1.58323e-1 1.58059e-1 1.57788e-1 1.57508e-1 1.57220e-1 1.56925e-1 1.56623e-1 1.56315e-1 1.56003e-1 1.55685e-1 1.55363e-1 1.55036e-1 1.54704e-1 1.54366e-1 1.54024e-1 1.53677e-1 1.53324e-1 1.52968e-1 1.52606e-1 1.52240e-1 1.51869e-1 1.51498e-1 1.51126e-1 1.50753e-1 1.50378e-1 1.50001e-1 1.49621e-1 1.49237e-1 1.48850e-1 1.48460e-1 1.48064e-1 1.47665e-1 1.47261e-1 1.46853e-1 1.46442e-1 1.46026e-1 1.45606e-1 1.45183e-1 1.44758e-1 1.44331e-1 1.43900e-1 1.43467e-1 1.43031e-1 1.42592e-1 1.42150e-1 1.41705e-1 1.41257e-1 1.40806e-1 1.40353e-1 1.39897e-1 1.39437e-1 1.38976e-1 1.38511e-1 1.38044e-1 1.37575e-1 1.37103e-1 1.36629e-1 1.36153e-1 1.35664e-1 1.35159e-1 1.34661e-1 1.34167e-1 1.33675e-1 1.33184e-1
metasd/WRLD3-03/wrld3-03.mdl	capacity_utilization_fraction	exponential	falling	at one for most of two centuries, then an accelerating fall of 1.3% in the last decade	1900	0.5	1.00000e0 9.95798e-1 9.94637e-1 9.95212e-1 9.96548e-1 9.97643e-1 9.98546e-1 9.99298e-1 9.99929e-1 1.00000e0 1.00000e0 1.00000e0 1.00000e0 1.00000e0 1.00000e0 1.00000e0 1.00000e0 1.00000e0 1.00000e0 1.00000e0 1.00000e0 1.00000e0 1.00000e0 1.00000e0 1.00000e0 1.00000e0 1.00000e0 1.00000e0 1.00000e0 1.00000e0 1.00000e0 1.00000e0 1.00000e0 1.00000e0 1.00000e0 1.00000e0 1.00000e0 1.00000e0 1.00000e0 1.00000e0 1.00000e0 1.00000e0 1.00000e0 1.00000e0 1.00000e0 1.00000e0 1.00000e0 1.00000e0 1.00000e0 1.00000e0 1.00000e0 1.00000e0 1.00000e0 1.00000e0 1.00000e0 1.00000e0 1.00000e0 1.00000e0 1.00000e0 1.00000e0 1.00000e0 1.00000e0 1.00000e0 1.00000e0 1.00000e0 1.00000e0 1.00000e0 1.00000e0 1.00000e0 1.00000e0 1.00000e0 1.00000e0 1.00000e0 1.00000e0 1.00000e0 1.00000e0 1.00000e0 1.00000e0 1.00000e0 1.00000e0 1.00000e0 1.00000e0 1.00000e0 1.00000e0 1.00000e0 1.00000e0 1.00000e0 1.00000e0 1.00000e0 1.00000e0 1.00000e0 1.00000e0 1.00000e0 1.00000e0 1.00000e0 1.00000e0 1.00000e0 1.00000e0 1.00000e0 1.00000e0 1.00000e0 1.00000e0 1.00000e0 1.00000e0 1.00000e0 1.00000e0 1.00000e0 1.00000e0 1.00000e0 1.00000e0 1.00000e0 1.00000e0 1.00000e0 1.00000e0 1.00000e0 1.00000e0 1.00000e0 1.00000e0 1.00000e0 1.00000e0 1.00000e0 1.00000e0 1.00000e0 1.00000e0 1.00000e0 1.00000e0 1.00000e0 1.00000e0 1.00000e0 1.00000e0 1.00000e0 1.00000e0 1.00000e0 1.00000e0 1.00000e0 1.00000e0 1.00000e0 1.00000e0 1.00000e0 1.00000e0 1.00000e0 1.00000e0 1.00000e0 1.00000e0 1.00000e0 1.00000e0 1.00000e0 1.00000e0 1.00000e0 1.00000e0 1.00000e0 1.00000e0 1.00000e0 1.00000e0 1.00000e0 1.00000e0 1.00000e0 1.00000e0 1.00000e0 1.00000e0 1.00000e0 1.00000e0 1.00000e0 1.00000e0 1.00000e0 1.00000e0 1.00000e0 1.00000e0 1.00000e0 1.00000e0 1.00000e0 1.00000e0 1.00000e0 1.00000e0 1.00000e0 1.00000e0 1.00000e0 1.00000e0 1.00000e0 1.00000e0 1.00000e0 1.00000e0 1.00000e0 1.00000e0 1.00000e0 1.00000e0 1.00000e0 1.00000e0 1.00000e0 1.00000e0 1.00000e0 1.00000e0 1.00000e0 1.00000e0 1.00000e0 1.00000e0 1.00000e0 1.00000e0 1.00000e0 1.00000e0 1.00000e0 1.00000e0 1.00000e0 1.00000e0 1.00000e0 1.00000e0 1.00000e0 1.00000e0 1.00000e0 1.00000e0 1.00000e0 1.00000e0 1.00000e0 1.00000e0 1.00000e0 1.00000e0 1.00000e0 1.00000e0 1.00000e0 1.00000e0 1.00000e0 1.00000e0 1.00000e0 1.00000e0 1.00000e0 1.00000e0 1.00000e0 1.00000e0 1.00000e0 1.00000e0 1.00000e0 1.00000e0 1.00000e0 1.00000e0 1.00000e0 1.00000e0 1.00000e0 1.00000e0 1.00000e0 1.00000e0 1.00000e0 1.00000e0 1.00000e0 1.00000e0 1.00000e0 1.00000e0 1.00000e0 1.00000e0 1.00000e0 1.00000e0 1.00000e0 1.00000e0 1.00000e0 1.00000e0 1.00000e0 1.00000e0 1.00000e0 1.00000e0 1.00000e0 1.00000e0 1.00000e0 1.00000e0 1.00000e0 1.00000e0 1.00000e0 1.00000e0 1.00000e0 1.00000e0 1.00000e0 1.00000e0 1.00000e0 1.00000e0 1.00000e0 1.00000e0 1.00000e0 1.00000e0 1.00000e0 1.00000e0 1.00000e0 1.00000e0 1.00000e0 1.00000e0 1.00000e0 1.00000e0 1.00000e0 1.00000e0 1.00000e0 1.00000e0 1.00000e0 1.00000e0 1.00000e0 1.00000e0 1.00000e0 1.00000e0 9.99879e-1 9.99772e-1 9.99683e-1 9.99613e-1 9.99561e-1 9.99527e-1 9.99510e-1 9.99512e-1 9.99530e-1 9.99565e-1 9.99616e-1 9.99682e-1 9.99763e-1 9.99858e-1 9.99966e-1 1.00000e0 1.00000e0 1.00000e0 1.00000e0 1.00000e0 1.00000e0 1.00000e0 1.00000e0 1.00000e0 1.00000e0 1.00000e0 1.00000e0 1.00000e0 1.00000e0 1.00000e0 1.00000e0 1.00000e0 1.00000e0 1.00000e0 1.00000e0 1.00000e0 1.00000e0 1.00000e0 1.00000e0 1.00000e0 1.00000e0 1.00000e0 1.00000e0 1.00000e0 1.00000e0 1.00000e0 1.00000e0 1.00000e0 1.00000e0 1.00000e0 1.00000e0 1.00000e0 1.00000e0 1.00000e0 1.00000e0 1.00000e0 1.00000e0 1.00000e0 1.00000e0 1.00000e0 1.00000e0 1.00000e0 1.00000e0 1.00000e0 1.00000e0 1.00000e0 1.00000e0 1.00000e0 1.00000e0 1.00000e0 1.00000e0 1.00000e0 1.00000e0 1.00000e0 1.00000e0 1.00000e0 1.00000e0 1.00000e0 1.00000e0 1.00000e0 1.00000e0 1.00000e0 1.00000e0 1.00000e0 1.00000e0 1.00000e0 1.00000e0 1.00000e0 1.00000e0 1.00000e0 1.00000e0 1.00000e0 1.00000e0 1.00000e0 1.00000e0 1.00000e0 1.00000e0 1.00000e0 1.00000e0 1.00000e0 1.00000e0 9.99193e-1 9.97053e-1 9.94759e-1 9.92348e-1 9.89851e-1 9.87294e-1
metasd/WRLD3-03/wrld3-03.mdl	jobs	rise_and_fall	rising	grows to 2041, falls two thirds of the way back, and rebounds a third of its range in the last five years	1900	0.5	8.91900e8 7.91138e8 7.18228e8 6.73586e8 6.72728e8 6.72259e8 6.72081e8 6.72126e8 6.72346e8 6.72731e8 6.73265e8 6.73922e8 6.74687e8 6.75477e8 6.76202e8 6.77001e8 6.77867e8 6.78796e8 6.79783e8 6.80825e8 6.81919e8 6.83059e8 6.84243e8 6.85469e8 6.86731e8 6.88028e8 6.89180e8 6.90165e8 6.91045e8 6.91854e8 6.92612e8 6.93328e8 6.94007e8 6.94651e8 6.95262e8 6.95847e8 6.96427e8 6.96990e8 6.97525e8 6.98028e8 6.98496e8 6.98926e8 6.99315e8 6.99662e8 6.99965e8 7.00222e8 7.00432e8 7.00592e8 7.00701e8 7.00757e8 7.00758e8 7.00702e8 7.00587e8 7.00411e8 7.00172e8 7.01817e8 7.05251e8 7.08685e8 7.12117e8 7.15546e8 7.18972e8 7.22391e8 7.25803e8 7.29206e8 7.32597e8 7.35976e8 7.39339e8 7.42686e8 7.46013e8 7.49319e8 7.52601e8 7.55856e8 7.59083e8 7.62278e8 7.65439e8 7.68563e8 7.71646e8 7.74686e8 7.77679e8 7.80623e8 7.83518e8 7.86374e8 7.90610e8 7.94607e8 7.98497e8 8.02332e8 8.05341e8 8.08178e8 8.10981e8 8.13750e8 8.16482e8 8.19177e8 8.21830e8 8.24439e8 8.27002e8 8.29515e8 8.31975e8 8.35507e8 8.43241e8 8.51172e8 8.59150e8 8.67174e8 8.75241e8 8.83352e8 8.91504e8 8.99696e8 9.07927e8 9.16195e8 9.24498e8 9.32817e8 9.41144e8 9.49482e8 9.57833e8 9.66194e8 9.74567e8 9.82950e8 9.91341e8 9.99740e8 1.00814e9 1.01655e9 1.02496e9 1.03337e9 1.04178e9 1.05018e9 1.05858e9 1.06697e9 1.07534e9 1.08367e9 1.09196e9 1.10020e9 1.10838e9 1.11651e9 1.12456e9 1.13252e9 1.14038e9 1.14813e9 1.15579e9 1.16333e9 1.17130e9 1.18212e9 1.19292e9 1.20373e9 1.21453e9 1.22532e9 1.23610e9 1.24686e9 1.25760e9 1.26832e9 1.27901e9 1.28966e9 1.30028e9 1.31087e9 1.32139e9 1.33187e9 1.34228e9 1.35263e9 1.36292e9 1.37312e9 1.38324e9 1.39327e9 1.40319e9 1.41302e9 1.42273e9 1.43232e9 1.44177e9 1.45107e9 1.46181e9 1.47408e9 1.48632e9 1.49851e9 1.51062e9 1.52267e9 1.53464e9 1.54653e9 1.55832e9 1.57002e9 1.58161e9 1.59308e9 1.60444e9 1.61567e9 1.62677e9 1.63775e9 1.64859e9 1.65929e9 1.66982e9 1.68017e9 1.69035e9 1.70033e9 1.71011e9 1.71968e9 1.72903e9 1.73809e9 1.74685e9 1.75530e9 1.76344e9 1.77127e9 1.77878e9 1.78596e9 1.79274e9 1.79914e9 1.80516e9 1.81079e9 1.81603e9 1.82087e9 1.82530e9 1.82932e9 1.83291e9 1.83605e9 1.83867e9 1.84077e9 1.84845e9 1.85820e9 1.86776e9 1.87713e9 1.88766e9 1.90003e9 1.91229e9 1.92444e9 1.93748e9 1.95147e9 1.96531e9 1.97899e9 1.99252e9 2.00586e9 2.01904e9 2.03205e9 2.04491e9 2.05761e9 2.07015e9 2.08254e9 2.09482e9 2.10912e9 2.12411e9 2.13896e9 2.15367e9 2.16821e9 2.18260e9 2.19682e9 2.21087e9 2.22475e9 2.23844e9 2.25313e9 2.27063e9 2.29746e9 2.34060e9 2.38239e9 2.42277e9 2.46163e9 2.49887e9 2.53439e9 2.56810e9 2.59991e9 2.62975e9 2.65755e9 2.68318e9 2.70660e9 2.72776e9 2.74667e9 2.76331e9 2.77768e9 2.78981e9 2.79431e9 2.80873e9 2.82717e9 2.84352e9 2.88659e9 2.92764e9 2.96590e9 3.00138e9 3.03411e9 3.06404e9 3.09122e9 3.11572e9 3.13759e9 3.15691e9 3.17375e9 3.18818e9 3.20029e9 3.21015e9 3.21784e9 3.22344e9 3.22704e9 3.22871e9 3.22854e9 3.22660e9 3.22298e9 3.22059e9 3.22159e9 3.22057e9 3.21760e9 3.21268e9 3.20593e9 3.19743e9 3.18728e9 3.17582e9 3.16284e9 3.14841e9 3.13264e9 3.11560e9 3.09738e9 3.07806e9 3.05772e9 3.03642e9 3.01423e9 2.99124e9 2.96742e9 2.94283e9 2.91754e9 2.89155e9 2.86508e9 2.83813e9 2.81072e9 2.78292e9 2.75476e9 2.72631e9 2.69760e9 2.66867e9 2.63958e9 2.61026e9 2.58072e9 2.55102e9 2.52121e9 2.49132e9 2.46140e9 2.43148e9 2.40159e9 2.37300e9 2.34776e9 2.32236e9 2.29685e9 2.27125e9 2.24560e9 2.21991e9 2.19422e9 2.16990e9 2.15565e9 2.14121e9 2.12659e9 2.11035e9 2.09229e9 2.07429e9 2.05524e9 2.03498e9 2.01488e9 1.99494e9 1.97517e9 1.95558e9 1.93617e9 1.91695e9 1.89791e9 1.87906e9 1.86041e9 1.84195e9 1.82370e9 1.80564e9 1.78779e9 1.77015e9 1.75271e9 1.73549e9 1.72822e9 1.72225e9 1.71622e9 1.71012e9 1.70396e9 1.69775e9 1.69149e9 1.68519e9 1.67886e9 1.67250e9 1.66612e9 1.65973e9 1.65332e9 1.64691e9 1.64049e9 1.63409e9 1.62768e9 1.62129e9 1.61491e9 1.60855e9 1.60220e9 1.59587e9 1.58957e9 1.58329e9 1.57704e9 1.57082e9 1.56463e9 1.55848e9 1.55236e9 1.54628e9 1.54024e9 1.53424e9 1.60407e9 1.69245e9 1.77838e9 1.86191e9 1.94317e9 2.02293e9 2.10201e9 2.18007e9 2.25684e9 2.33215e9
xmutil_test_models/C-LEARN v77 for Vensim.mdl	aggregated_population[developing_b_countries]	s_shaped	rising	its growth per decade peaks in the 2040s and falls by 45% by the 2090s: a late inflection	1850	1	7.38609e7 6.06838e7 6.20149e7 6.33463e7 6.46779e7 6.60098e7 6.73419e7 6.86744e7 7.00072e7 7.13402e7 7.26737e7 7.40074e7 7.53415e7 7.66760e7 7.80108e7 7.93460e7 8.06816e7 8.20175e7 8.33538e7 8.46905e7 1.04327e8 5.46829e7 5.51865e7 5.56935e7 5.62029e7 5.67176e7 5.72326e7 5.77499e7 5.82696e7 5.87895e7 5.93116e7 5.98371e7 6.03697e7 6.09076e7 6.14477e7 6.19759e7 6.24903e7 6.30098e7 6.35524e7 6.41042e7 8.74120e7 6.52038e7 6.57728e7 6.63287e7 6.68947e7 6.74397e7 7.14847e7 7.20967e7 7.27197e7 7.33297e7 1.10892e8 1.07087e8 1.08335e8 1.09635e8 1.10948e8 1.12322e8 1.13629e8 1.14908e8 1.16238e8 1.17615e8 1.19030e8 1.20487e8 1.21827e8 1.66211e8 1.26738e8 1.30261e8 1.33755e8 1.37258e8 1.40772e8 1.44223e8 1.47907e8 1.51505e8 1.55250e8 1.59057e8 1.65435e8 1.71819e8 1.78216e8 1.84597e8 1.91266e8 1.97697e8 2.04172e8 2.10697e8 2.17222e8 2.23759e8 2.30275e8 2.36830e8 2.43432e8 2.50100e8 2.56786e8 2.63852e8 2.70710e8 2.77515e8 2.84035e8 2.90853e8 2.97773e8 3.04808e8 3.12184e8 3.19641e8 3.27251e8 3.34991e8 4.90682e8 5.00471e8 5.10706e8 5.21168e8 5.32501e8 5.44741e8 5.57300e8 5.70383e8 5.84175e8 5.98553e8 6.11544e8 6.26581e8 6.42105e8 6.57952e8 6.74521e8 6.91580e8 7.09226e8 7.27481e8 7.46182e8 7.65229e8 7.84577e8 8.04076e8 8.23861e8 8.44188e8 8.65037e8 8.86594e8 9.08902e8 9.31934e8 9.55740e8 9.80358e8 1.00573e9 1.03158e9 1.05840e9 1.08579e9 1.11377e9 1.14255e9 1.17208e9 1.20213e9 1.23258e9 1.26335e9 1.29433e9 1.32605e9 1.35578e9 1.38775e9 1.41982e9 1.45347e9 1.48546e9 1.51754e9 1.54981e9 1.58239e9 1.61510e9 1.64791e9 1.68155e9 1.71580e9 1.75071e9 1.78614e9 1.82215e9 1.85873e9 1.89599e9 1.93408e9 1.97285e9 2.01242e9 2.05205e9 2.09305e9 2.16726e9 2.20820e9 2.25062e9 2.29304e9 2.33546e9 2.37787e9 2.42029e9 2.46353e9 2.50676e9 2.54999e9 2.59323e9 2.63646e9 2.68055e9 2.72464e9 2.76873e9 2.81282e9 2.85691e9 2.90197e9 2.94704e9 2.99210e9 3.03716e9 3.08222e9 3.12802e9 3.17383e9 3.21963e9 3.26543e9 3.31124e9 3.35721e9 3.40318e9 3.44914e9 3.49511e9 3.54108e9 3.58653e9 3.63197e9 3.67741e9 3.72286e9 3.76830e9 3.81274e9 3.85718e9 3.90162e9 3.94606e9 3.99050e9 4.03358e9 4.07667e9 4.11975e9 4.16284e9 4.20592e9 4.24737e9 4.28881e9 4.33025e9 4.37169e9 4.41314e9 4.45263e9 4.49213e9 4.53162e9 4.57112e9 4.61062e9 4.64792e9 4.68523e9 4.72253e9 4.75984e9 4.79714e9 4.83200e9 4.86686e9 4.90172e9 4.93657e9 4.97143e9 5.00372e9 5.03600e9 5.06828e9 5.10056e9 5.13285e9 5.16243e9 5.19202e9 5.22161e9 5.25119e9 5.28078e9 5.30757e9 5.33436e9 5.36115e9 5.38795e9 5.41474e9 5.43855e9 5.46236e9 5.48617e9 5.50998e9 5.53379e9
xmutil_test_models/C-LEARN v77 for Vensim.mdl	emissions_per_gdp[g77_india]	rise_and_fall	rising	rises to a peak in 1993 and falls four fifths of the way back, with a rebound of a tenth on the way down	1850	1	5.49991e0 5.47985e0 5.45994e0 5.44016e0 5.42054e0 5.40106e0 5.38171e0 5.36250e0 5.34343e0 8.59079e0 8.64962e0 6.66432e0 7.34932e0 8.11777e0 7.64985e0 7.49187e0 8.42650e0 9.63024e0 1.08257e1 1.20131e1 1.31922e1 1.43249e1 1.54440e1 1.65497e1 1.76422e1 1.87217e1 1.97885e1 2.08428e1 2.18849e1 2.06560e1 2.29724e1 2.22760e1 2.63224e1 2.92059e1 3.23347e1 2.81290e1 3.23894e1 3.40922e1 3.72676e1 4.47650e1 4.68706e1 5.55737e1 5.65191e1 5.80234e1 5.82959e1 7.48688e1 8.74585e1 8.00404e1 8.84967e1 1.05776e2 1.21377e2 1.31195e2 1.33520e2 1.34078e2 1.49134e2 1.55299e2 1.74430e2 2.07186e2 2.33707e2 1.98458e2 1.93578e2 2.05319e2 2.36855e2 2.67310e2 2.55512e2 2.73722e2 2.68910e2 2.86384e2 3.69438e2 3.54508e2 3.11760e2 3.11655e2 2.94260e2 3.13100e2 3.19636e2 3.11686e2 3.01312e2 3.16013e2 3.01060e2 3.00799e2 3.03670e2 2.79980e2 2.57426e2 2.52481e2 2.79328e2 2.94648e2 2.78748e2 3.13843e2 3.50497e2 3.35692e2 3.44575e2 3.45497e2 3.46759e2 2.90541e2 3.00298e2 3.38563e2 3.53092e2 4.34783e2 4.30391e2 4.42640e2 4.79051e2 4.91571e2 5.04291e2 4.82590e2 4.88803e2 5.16516e2 5.05210e2 5.75679e2 5.57164e2 5.76480e2 5.59685e2 5.76737e2 5.97188e2 5.64409e2 4.81518e2 5.11220e2 7.06593e2 6.68402e2 7.14526e2 6.91952e2 6.97702e2 7.16737e2 7.44700e2 6.76534e2 6.53818e2 7.85387e2 8.31112e2 8.92601e2 8.51363e2 8.63295e2 8.11771e2 9.16725e2 9.97183e2 1.03448e3 1.14021e3 1.17704e3 1.20246e3 1.17571e3 1.23690e3 1.40600e3 1.40028e3 1.83650e3 1.86933e3 2.05142e3 1.89769e3 1.87169e3 1.90342e3 1.90506e3 1.95154e3 1.94692e3 2.02417e3 2.02896e3 1.97857e3 1.78694e3 1.65618e3 1.54853e3 1.49699e3 1.26225e3 1.46180e3 1.44500e3 1.18447e3 1.14486e3 1.29214e3 1.36147e3 1.31184e3 1.26620e3 1.22010e3 1.17471e3 1.13088e3 1.08848e3 1.04740e3 1.00590e3 9.66061e2 9.27656e2 8.90533e2 8.54542e2 8.27912e2 8.02307e2 7.77591e2 7.53690e2 7.30523e2 7.19215e2 7.08220e2 6.97506e2 6.87114e2 6.77029e2 6.68641e2 6.60506e2 6.52625e2 6.44980e2 6.37558e2 6.32852e2 6.28232e2 6.23711e2 6.19282e2 6.14938e2 6.11428e2 6.08014e2 6.04680e2 6.01423e2 5.98243e2 5.95449e2 5.92688e2 5.89991e2 5.87354e2 5.84780e2 5.82751e2 5.80705e2 5.78740e2 5.76867e2 5.75086e2 5.70881e2 5.66788e2 5.62893e2 5.59189e2 5.55674e2 5.52276e2 5.49010e2 5.45911e2 5.42988e2 5.40239e2 5.34882e2 5.29708e2 5.24728e2 5.19934e2 5.15317e2 5.10867e2 5.06511e2 5.02307e2 4.98257e2 4.94354e2 4.91194e2 4.88149e2 4.85272e2 4.82558e2 4.80002e2 4.77281e2 4.74628e2 4.72108e2 4.69719e2 4.67457e2 4.62734e2 4.58039e2 4.53459e2 4.48988e2 4.44615e2 4.40230e2 4.35842e2 4.31536e2 4.27318e2 4.23179e2
xmutil_test_models/C-LEARN v77 for Vensim.mdl	equilibrium_temperature[low_2xco2_sensitivity]	exponential	rising	a record with volcanic dips of up to a third of its range to 2000, then a smooth accelerating rise	1850	1	4.17970e-2 4.50612e-2 4.78572e-2 5.04300e-2 5.27813e-2 5.49141e-2 5.68988e-2 5.86946e-2 6.04435e-2 6.20527e-2 6.35781e-2 6.30011e-2 6.23321e-2 6.14936e-2 6.06958e-2 5.98529e-2 5.89947e-2 5.81530e-2 5.72542e-2 5.63386e-2 5.53935e-2 5.45134e-2 5.38494e-2 5.33959e-2 5.28669e-2 5.22640e-2 5.16904e-2 5.11490e-2 5.06106e-2 5.01451e-2 1.96827e-1 2.08277e-1 2.15030e-1 -2.31377e-1 -1.14780e0 -4.07289e-1 -1.63018e-1 -1.79596e-1 -3.72230e-2 -1.02035e-1 -1.99181e-1 -1.00221e-1 -1.04494e-2 1.15115e-1 1.79044e-1 1.91450e-1 1.90613e-2 2.23847e-2 6.52627e-2 1.32935e-1 1.57944e-1 1.63345e-1 -1.67763e-2 -4.88411e-1 -9.33899e-2 7.74739e-2 1.40994e-1 1.13563e-1 1.06460e-1 1.57034e-1 1.57555e-1 1.69340e-1 4.82109e-4 -3.91818e-2 9.96341e-2 1.75539e-1 2.00309e-1 2.13267e-1 2.15783e-1 2.01010e-1 1.22159e-1 1.34794e-1 1.75121e-1 1.95990e-1 1.78761e-1 1.96664e-1 2.08460e-1 2.30112e-1 1.86101e-1 1.41690e-1 1.78986e-1 1.90061e-1 1.52020e-1 1.60909e-1 1.94323e-1 2.04173e-1 2.38246e-1 2.37125e-1 2.14544e-1 2.22935e-1 2.30361e-1 2.43335e-1 2.21559e-1 2.15985e-1 2.41562e-1 2.60277e-1 2.70380e-1 2.80438e-1 2.97494e-1 2.79811e-1 2.72281e-1 2.67415e-1 2.51616e-1 2.46318e-1 2.46718e-1 2.73371e-1 3.11489e-1 3.43960e-1 3.47150e-1 3.34998e-1 2.92020e-1 2.14198e-1 1.85374e-1 -1.22414e-1 -3.63082e-1 -8.20002e-2 1.26021e-1 2.30084e-1 1.21078e-1 6.86640e-2 2.46804e-1 3.32795e-1 3.68841e-1 3.24604e-1 2.82221e-1 1.14619e-1 2.90915e-1 3.92762e-1 4.07253e-1 4.21147e-1 4.74279e-1 4.87403e-1 1.96009e-2 -1.89476e-1 2.27428e-1 3.96287e-1 3.97607e-1 4.51741e-1 5.08138e-1 5.69758e-1 5.77858e-1 1.23148e-1 -5.18132e-1 1.57073e-1 4.21157e-1 5.15385e-1 5.44353e-1 5.66448e-1 6.03855e-1 6.29606e-1 6.47221e-1 6.44737e-1 6.44278e-1 6.38336e-1 6.33479e-1 6.20154e-1 6.18964e-1 6.16226e-1 6.26460e-1 6.25027e-1 6.56500e-1 6.71268e-1 7.61847e-1 7.81680e-1 8.02109e-1 8.23234e-1 8.44858e-1 8.66879e-1 8.89274e-1 9.12025e-1 9.35115e-1 9.59494e-1 9.84037e-1 1.00875e0 1.03363e0 1.05868e0 1.08380e0 1.10909e0 1.13455e0 1.16017e0 1.18595e0 1.21363e0 1.24171e0 1.27016e0 1.29897e0 1.32811e0 1.35699e0 1.38619e0 1.41568e0 1.44544e0 1.47548e0 1.50484e0 1.53452e0 1.56450e0 1.59477e0 1.62532e0 1.65609e0 1.68712e0 1.71838e0 1.74988e0 1.78161e0 1.81197e0 1.84245e0 1.87304e0 1.90374e0 1.93456e0 1.96574e0 1.99703e0 2.02843e0 2.05993e0 2.09153e0 2.12259e0 2.15347e0 2.18419e0 2.21477e0 2.24520e0 2.27571e0 2.30612e0 2.33642e0 2.36663e0 2.39675e0 2.42646e0 2.45600e0 2.48536e0 2.51457e0 2.54363e0 2.57268e0 2.60159e0 2.63038e0 2.65905e0 2.68761e0 2.71739e0 2.74703e0 2.77653e0 2.80591e0 2.83516e0 2.86436e0 2.89345e0 2.92243e0 2.95130e0 2.98006e0 3.00731e0 3.03430e0 3.06104e0 3.08753e0 3.11380e0 3.13989e0 3.16577e0 3.19144e0 3.21692e0 3.24221e0
xmutil_test_models/C-LEARN v77 for Vensim.mdl	semi_agg_forestry_emissions[other_developed]	rise_and_fall	rising	rises, with a dip of a quarter of its range, to a spike in 1958, then falls to its floor and holds	1850	1	2.42389e-1 2.42022e-1 2.42389e-1 2.43856e-1 2.45322e-1 2.46789e-1 2.47889e-1 2.49356e-1 2.50823e-1 2.51556e-1 2.53023e-1 2.54123e-1 2.28821e-1 2.32855e-1 2.34688e-1 2.36888e-1 2.40189e-1 2.41289e-1 2.43122e-1 2.45689e-1 2.47156e-1 2.73191e-1 2.83092e-1 2.92260e-1 2.97394e-1 3.01427e-1 3.07295e-1 3.07661e-1 3.09495e-1 3.10595e-1 3.12795e-1 3.13895e-1 3.14262e-1 3.15362e-1 3.17196e-1 3.18296e-1 3.18662e-1 3.20496e-1 3.22329e-1 3.21963e-1 3.23796e-1 3.24896e-1 3.25263e-1 3.27096e-1 3.26730e-1 3.28930e-1 3.29297e-1 3.30397e-1 3.30763e-1 3.31863e-1 3.32597e-1 3.34430e-1 3.82835e-1 3.95303e-1 4.05937e-1 4.16938e-1 4.28306e-1 4.38940e-1 4.48841e-1 4.57642e-1 4.67542e-1 4.77077e-1 4.86978e-1 5.13380e-1 5.28415e-1 5.41616e-1 5.55184e-1 5.63985e-1 5.70585e-1 5.79019e-1 5.85620e-1 5.94054e-1 6.01388e-1 6.09089e-1 6.16056e-1 6.24490e-1 6.31457e-1 6.01388e-1 5.98454e-1 5.94787e-1 5.93321e-1 5.90020e-1 5.88553e-1 5.87087e-1 5.76086e-1 5.66185e-1 5.55551e-1 5.43449e-1 5.32082e-1 5.19981e-1 5.04579e-1 4.38206e-1 4.14738e-1 3.91269e-1 3.67800e-1 3.45798e-1 3.31130e-1 3.18662e-1 3.06194e-1 2.96660e-1 2.91160e-1 8.31676e-1 9.50853e-1 1.05756e0 1.14190e0 1.22441e0 1.30875e0 1.38979e0 1.47047e0 1.20681e0 1.21488e0 1.19324e0 1.17967e0 1.16904e0 1.15841e0 1.14594e0 1.10303e0 1.05903e0 1.01503e0 9.75789e-1 8.50377e-1 6.65560e-1 5.67285e-1 4.80377e-1 4.43707e-1 4.11804e-1 3.93102e-1 3.65600e-1 3.38097e-1 3.12795e-1 2.92993e-1 2.93360e-1 2.69158e-1 2.55957e-1 2.42755e-1 2.29188e-1 2.11586e-1 2.02418e-1 1.91784e-1 1.81883e-1 1.72349e-1 1.70515e-1 1.67949e-1 1.65382e-1 1.62448e-1 1.59881e-1 1.57314e-1 1.56214e-1 1.55481e-1 1.54381e-1 1.53281e-1 1.53281e-1 1.53281e-1 1.53281e-1 1.53281e-1 1.53281e-1 1.53281e-1 1.53281e-1 1.53281e-1 1.53281e-1 1.53281e-1 1.53281e-1 1.53281e-1 1.53281e-1 1.53281e-1 1.53281e-1 1.53281e-1 1.53281e-1 1.53281e-1 1.53281e-1 1.53281e-1 1.53281e-1 1.53281e-1 1.53281e-1 1.53281e-1 1.53281e-1 1.53281e-1 1.53281e-1 1.53281e-1 1.53281e-1 1.53281e-1 1.53281e-1 1.53281e-1 1.53281e-1 1.53281e-1 1.53281e-1 1.53281e-1 1.53281e-1 1.53281e-1 1.53281e-1 1.53281e-1 1.53281e-1 1.53281e-1 1.53281e-1 1.53281e-1 1.53281e-1 1.53281e-1 1.53281e-1 1.53281e-1 1.53281e-1 1.53281e-1 1.53281e-1 1.53281e-1 1.53281e-1 1.53281e-1 1.53281e-1 1.53281e-1 1.53281e-1 1.53281e-1 1.53281e-1 1.53281e-1 1.53281e-1 1.53281e-1 1.53281e-1 1.53281e-1 1.53281e-1 1.53281e-1 1.53281e-1 1.53281e-1 1.53281e-1 1.53281e-1 1.53281e-1 1.53281e-1 1.53281e-1 1.53281e-1 1.53281e-1 1.53281e-1 1.53281e-1 1.53281e-1 1.53281e-1 1.53281e-1 1.53281e-1 1.53281e-1 1.53281e-1 1.53281e-1 1.53281e-1 1.53281e-1 1.53281e-1 1.53281e-1 1.53281e-1 1.53281e-1 1.53281e-1 1.53281e-1 1.53281e-1 1.53281e-1 1.53281e-1 1.53281e-1 1.53281e-1 1.53281e-1 1.53281e-1 1.53281e-1
xmutil_test_models/C-LEARN v77 for Vensim.mdl	proportion_of_global_to_cop_ch4[g77_india]	fall_and_rise	falling	falls over half its range to 1965, rises past its start by 2000, and holds with swings of a tenth	1850	1	7.28569e-2 7.28567e-2 7.28570e-2 7.28568e-2 7.28567e-2 7.28568e-2 7.28568e-2 7.28569e-2 7.28568e-2 7.28570e-2 7.28568e-2 7.28567e-2 7.28568e-2 7.28568e-2 7.28569e-2 7.28569e-2 7.28568e-2 7.28568e-2 7.28568e-2 7.28568e-2 7.28568e-2 7.28567e-2 7.28568e-2 7.28567e-2 7.28569e-2 7.28568e-2 7.28567e-2 7.28568e-2 7.28569e-2 7.28568e-2 7.28569e-2 7.28568e-2 7.28569e-2 7.28569e-2 7.28569e-2 7.28568e-2 7.28570e-2 7.28568e-2 7.28569e-2 7.28568e-2 7.28569e-2 7.22823e-2 7.17078e-2 7.11331e-2 7.05587e-2 6.99841e-2 6.94654e-2 6.89468e-2 6.84280e-2 6.79094e-2 6.73907e-2 6.66020e-2 6.58132e-2 6.50247e-2 6.42360e-2 6.34473e-2 6.27356e-2 6.20240e-2 6.13125e-2 6.06009e-2 5.98893e-2 5.97791e-2 5.96691e-2 5.95590e-2 5.94488e-2 5.93387e-2 5.92427e-2 5.91466e-2 5.90506e-2 5.89547e-2 5.88586e-2 5.75131e-2 5.61676e-2 5.48221e-2 5.34765e-2 5.21310e-2 5.08763e-2 4.96217e-2 4.83670e-2 4.71123e-2 4.58577e-2 4.64791e-2 4.71006e-2 4.77219e-2 4.83434e-2 4.89649e-2 4.95258e-2 5.00868e-2 5.06477e-2 5.12088e-2 5.17697e-2 5.12197e-2 5.06697e-2 5.01197e-2 4.95697e-2 4.90196e-2 4.85285e-2 4.80373e-2 4.75462e-2 4.70551e-2 4.65639e-2 4.58118e-2 4.50597e-2 4.43077e-2 4.35556e-2 4.28034e-2 4.22146e-2 4.16256e-2 4.10367e-2 4.04478e-2 3.98589e-2 3.94257e-2 3.89924e-2 3.85592e-2 3.81261e-2 3.76928e-2 4.52012e-2 5.27096e-2 6.02181e-2 6.77265e-2 7.52348e-2 7.79718e-2 7.48670e-2 7.51811e-2 7.65450e-2 7.63611e-2 7.47660e-2 7.39641e-2 7.46588e-2 7.28280e-2 7.41062e-2 7.72769e-2 7.24772e-2 7.63357e-2 7.96716e-2 7.96283e-2 7.96511e-2 7.70782e-2 8.28435e-2 8.30107e-2 7.71744e-2 7.76833e-2 7.66811e-2 8.13970e-2 8.09729e-2 8.26853e-2 8.36705e-2 7.63254e-2 8.27367e-2 8.78632e-2 8.65354e-2 8.61117e-2 8.32274e-2 8.40587e-2 8.13431e-2 8.02026e-2 7.72759e-2 7.75587e-2 7.91927e-2 7.97468e-2 7.93119e-2 7.90945e-2 7.88843e-2 7.86806e-2 7.84834e-2 7.82922e-2 7.81088e-2 7.79319e-2 7.77607e-2 7.75949e-2 7.74343e-2 7.70978e-2 7.67704e-2 7.64520e-2 7.61418e-2 7.58395e-2 7.55454e-2 7.52586e-2 7.49791e-2 7.47066e-2 7.44405e-2 7.44477e-2 7.44545e-2 7.44613e-2 7.44678e-2 7.44739e-2 7.44799e-2 7.44856e-2 7.44915e-2 7.44970e-2 7.45022e-2 7.47890e-2 7.50672e-2 7.53372e-2 7.55994e-2 7.58543e-2 7.61020e-2 7.63426e-2 7.65767e-2 7.68049e-2 7.70268e-2 7.71600e-2 7.72910e-2 7.74194e-2 7.75453e-2 7.76686e-2 7.77897e-2 7.79088e-2 7.80254e-2 7.81397e-2 7.82522e-2 7.85600e-2 7.88650e-2 7.91674e-2 7.94671e-2 7.97641e-2 8.00587e-2 8.03506e-2 8.06400e-2 8.09267e-2 8.12111e-2 8.13960e-2 8.15787e-2 8.17596e-2 8.19387e-2 8.21160e-2 8.22915e-2 8.24652e-2 8.26372e-2 8.28075e-2 8.29759e-2 8.30128e-2 8.30492e-2 8.30849e-2 8.31205e-2 8.31553e-2 8.31899e-2 8.32240e-2 8.32579e-2 8.32913e-2 8.33243e-2 8.30551e-2 8.27870e-2 8.25205e-2 8.22549e-2 8.19905e-2 8.17276e-2 8.14656e-2 8.12048e-2 8.09452e-2 8.06868e-2
metasd/WRLD3-03/wrld3-03.mdl	family_income_expectation	rise_and_fall	rising	rises a third of its range to 1932, falls the whole of its range to 2030, and recovers a fifth by 2072	1900	0.5	0.00000e0 1.35483e-2 2.71243e-2 3.95580e-2 5.01344e-2 5.81817e-2 6.42275e-2 6.87088e-2 7.19805e-2 7.38267e-2 7.50508e-2 7.58724e-2 7.63937e-2 7.66941e-2 7.68350e-2 7.68636e-2 7.68158e-2 7.67184e-2 7.65916e-2 7.64502e-2 7.63046e-2 7.61624e-2 7.60287e-2 7.59065e-2 7.58070e-2 7.57353e-2 7.56897e-2 7.56713e-2 7.56805e-2 7.57149e-2 7.57711e-2 7.58456e-2 7.59350e-2 7.60363e-2 7.61470e-2 7.62648e-2 7.63875e-2 7.65130e-2 7.66398e-2 7.67669e-2 7.68935e-2 7.70190e-2 7.71428e-2 7.72645e-2 7.73836e-2 7.74999e-2 7.76129e-2 7.77224e-2 7.78280e-2 7.79296e-2 7.80269e-2 7.81198e-2 7.82080e-2 7.82914e-2 7.83700e-2 7.84435e-2 7.85119e-2 7.85751e-2 7.86300e-2 7.86760e-2 7.87137e-2 7.87436e-2 7.87661e-2 7.87816e-2 7.87902e-2 7.87922e-2 7.87877e-2 7.87768e-2 7.87597e-2 7.87364e-2 7.87069e-2 7.86715e-2 7.86300e-2 7.85825e-2 7.85292e-2 7.84699e-2 7.84047e-2 7.83337e-2 7.82569e-2 7.81742e-2 7.80858e-2 7.79914e-2 7.38051e-2 7.04387e-2 6.77328e-2 6.55544e-2 6.37960e-2 6.23719e-2 6.12139e-2 6.02683e-2 5.94921e-2 5.88515e-2 5.83195e-2 5.78745e-2 5.74993e-2 5.71802e-2 5.69061e-2 5.66682e-2 5.64593e-2 5.62735e-2 5.61061e-2 5.59533e-2 5.58119e-2 5.56793e-2 5.55534e-2 5.54322e-2 5.53144e-2 5.51987e-2 5.50841e-2 5.49695e-2 5.48600e-2 5.47578e-2 5.46604e-2 5.45647e-2 5.44681e-2 5.43683e-2 5.42640e-2 5.41540e-2 5.40375e-2 5.39142e-2 5.37836e-2 5.36455e-2 5.35000e-2 5.33471e-2 5.31867e-2 5.30191e-2 5.28471e-2 5.27027e-2 5.25788e-2 5.24699e-2 5.23713e-2 5.22793e-2 5.21807e-2 5.20555e-2 5.19301e-2 5.18115e-2 5.16997e-2 5.15929e-2 5.14891e-2 5.13814e-2 5.12429e-2 5.10714e-2 5.08701e-2 5.06486e-2 5.04140e-2 5.01715e-2 4.99250e-2 4.96771e-2 4.94294e-2 4.91831e-2 4.89379e-2 4.86943e-2 4.84526e-2 4.82161e-2 4.79850e-2 4.77581e-2 4.75353e-2 4.73264e-2 4.71284e-2 4.69387e-2 4.67553e-2 4.65766e-2 4.64038e-2 4.62436e-2 4.60932e-2 4.59505e-2 4.58137e-2 4.56814e-2 4.55533e-2 4.54437e-2 4.53487e-2 4.52651e-2 4.51902e-2 4.51226e-2 4.50600e-2 4.50006e-2 4.49434e-2 4.48874e-2 4.48294e-2 4.47643e-2 4.46931e-2 4.46167e-2 4.45362e-2 4.44528e-2 4.43657e-2 4.42824e-2 4.42011e-2 4.41211e-2 4.40418e-2 4.39633e-2 4.38854e-2 4.37492e-2 4.35522e-2 4.33294e-2 4.30976e-2 4.28654e-2 4.26372e-2 4.24157e-2 4.22357e-2 4.20669e-2 4.19073e-2 4.17573e-2 4.16153e-2 4.14723e-2 4.13309e-2 4.11934e-2 4.10615e-2 4.09368e-2 4.08204e-2 4.07214e-2 4.06404e-2 4.05750e-2 4.04800e-2 4.03533e-2 4.01993e-2 4.00221e-2 3.98249e-2 3.96109e-2 3.73394e-2 3.33169e-2 2.99274e-2 2.70325e-2 2.45506e-2 2.24182e-2 2.05614e-2 1.89222e-2 1.74552e-2 1.61244e-2 1.49014e-2 1.37641e-2 1.26712e-2 8.24930e-3 3.18096e-3 -1.15787e-3 -4.95885e-3 -8.41690e-3 -1.15902e-2 -1.45253e-2 -1.72598e-2 -1.98239e-2 -2.22421e-2 -2.45341e-2 -2.67158e-2 -3.56593e-2 -5.55561e-2 -7.20738e-2 -8.58998e-2 -9.75466e-2 -1.07404e-1 -1.15773e-1 -1.22890e-1 -1.28942e-1 -1.34078e-1 -1.38421e-1 -1.42031e-1 -1.44985e-1 -1.47358e-1 -1.49216e-1 -1.50613e-1 -1.51597e-1 -1.52208e-1 -1.46783e-1 -1.41472e-1 -1.36899e-1 -1.32945e-1 -1.29507e-1 -1.26722e-1 -1.24491e-1 -1.22720e-1 -1.21330e-1 -1.20234e-1 -1.19379e-1 -1.18723e-1 -1.18227e-1 -1.17863e-1 -1.17604e-1 -1.17429e-1 -1.17322e-1 -1.17266e-1 -1.17250e-1 -1.17266e-1 -1.17303e-1 -1.17357e-1 -1.17421e-1 -1.17491e-1 -1.17565e-1 -1.17639e-1 -1.17723e-1 -1.17814e-1 -1.17886e-1 -1.17900e-1 -1.17867e-1 -1.17796e-1 -1.17694e-1 -1.17675e-1 -1.17608e-1 -1.17499e-1 -1.17356e-1 -1.17186e-1 -1.16996e-1 -1.16789e-1 -1.16571e-1 -1.16345e-1 -1.16115e-1 -1.15883e-1 -1.15609e-1 -1.15284e-1 -1.14915e-1 -1.14475e-1 -1.14083e-1 -1.13704e-1 -1.13313e-1 -1.12918e-1 -1.12525e-1 -1.12141e-1 -1.11770e-1 -1.11415e-1 -1.11078e-1 -1.10714e-1 -1.10300e-1 -1.09857e-1 -1.09401e-1 -1.08941e-1 -1.08486e-1 -1.08039e-1 -1.07606e-1 -1.07188e-1 -1.06789e-1 -1.06410e-1 -1.06051e-1 -1.05713e-1 -1.05398e-1 -1.05104e-1 -1.04833e-1 -1.04583e-1 -1.04355e-1 -1.04148e-1 -1.03961e-1 -1.03794e-1 -1.03647e-1 -1.03518e-1 -1.03408e-1 -1.03315e-1 -1.03239e-1 -1.03196e-1 -1.03188e-1 -1.03210e-1 -1.03256e-1 -1.03325e-1 -1.03411e-1 -1.03514e-1 -1.03630e-1 -1.03758e-1 -1.03897e-1 -1.04044e-1 -1.04200e-1 -1.04362e-1 -1.04531e-1 -1.04735e-1 -1.04968e-1 -1.05223e-1 -1.05494e-1 -1.05778e-1 -1.06060e-1 -1.06338e-1 -1.06613e-1 -1.06885e-1 -1.07140e-1 -1.07388e-1 -1.07629e-1 -1.07862e-1 -1.08089e-1 -1.08309e-1 -1.08522e-1 -1.08742e-1 -1.08967e-1 -1.09196e-1 -1.09427e-1 -1.09659e-1 -1.09891e-1 -1.10122e-1 -1.10353e-1 -1.10583e-1 -1.10812e-1 -1.11039e-1 -1.11265e-1 -1.11490e-1 -1.11714e-1 -1.11936e-1 -1.12157e-1 -1.12377e-1 -1.12596e-1 -1.12815e-1 -1.13032e-1 -1.13249e-1 -1.14181e-1 -1.16183e-1 -1.18051e-1 -1.19775e-1 -1.21354e-1 -1.22792e-1
metasd/WRLD3-03/wrld3-03.mdl	family_response_to_social_norm	rise_and_fall	rising	rises a third of its range to 1932, falls the whole of its range to 2030, and recovers a fifth by 2072	1900	0.5	7.00000e-1 7.20323e-1 7.40686e-1 7.59337e-1 7.75202e-1 7.87273e-1 7.96341e-1 8.03063e-1 8.07971e-1 8.10740e-1 8.12576e-1 8.13809e-1 8.14591e-1 8.15041e-1 8.15253e-1 8.15295e-1 8.15224e-1 8.15078e-1 8.14887e-1 8.14675e-1 8.14457e-1 8.14244e-1 8.14043e-1 8.13860e-1 8.13710e-1 8.13603e-1 8.13534e-1 8.13507e-1 8.13521e-1 8.13572e-1 8.13657e-1 8.13768e-1 8.13902e-1 8.14055e-1 8.14221e-1 8.14397e-1 8.14581e-1 8.14770e-1 8.14960e-1 8.15150e-1 8.15340e-1 8.15528e-1 8.15714e-1 8.15897e-1 8.16075e-1 8.16250e-1 8.16419e-1 8.16584e-1 8.16742e-1 8.16894e-1 8.17040e-1 8.17180e-1 8.17312e-1 8.17437e-1 8.17555e-1 8.17665e-1 8.17768e-1 8.17863e-1 8.17945e-1 8.18014e-1 8.18071e-1 8.18115e-1 8.18149e-1 8.18172e-1 8.18185e-1 8.18188e-1 8.18181e-1 8.18165e-1 8.18139e-1 8.18105e-1 8.18060e-1 8.18007e-1 8.17945e-1 8.17874e-1 8.17794e-1 8.17705e-1 8.17607e-1 8.17501e-1 8.17385e-1 8.17261e-1 8.17129e-1 8.16987e-1 8.10708e-1 8.05658e-1 8.01599e-1 7.98332e-1 7.95694e-1 7.93558e-1 7.91821e-1 7.90402e-1 7.89238e-1 7.88277e-1 7.87479e-1 7.86812e-1 7.86249e-1 7.85770e-1 7.85359e-1 7.85002e-1 7.84689e-1 7.84410e-1 7.84159e-1 7.83930e-1 7.83718e-1 7.83519e-1 7.83330e-1 7.83148e-1 7.82972e-1 7.82798e-1 7.82626e-1 7.82454e-1 7.82290e-1 7.82137e-1 7.81991e-1 7.81847e-1 7.81702e-1 7.81552e-1 7.81396e-1 7.81231e-1 7.81056e-1 7.80871e-1 7.80675e-1 7.80468e-1 7.80250e-1 7.80021e-1 7.79780e-1 7.79529e-1 7.79271e-1 7.79054e-1 7.78868e-1 7.78705e-1 7.78557e-1 7.78419e-1 7.78271e-1 7.78083e-1 7.77895e-1 7.77717e-1 7.77550e-1 7.77389e-1 7.77234e-1 7.77072e-1 7.76864e-1 7.76607e-1 7.76305e-1 7.75973e-1 7.75621e-1 7.75257e-1 7.74888e-1 7.74516e-1 7.74144e-1 7.73775e-1 7.73407e-1 7.73041e-1 7.72679e-1 7.72324e-1 7.71977e-1 7.71637e-1 7.71303e-1 7.70990e-1 7.70693e-1 7.70408e-1 7.70133e-1 7.69865e-1 7.69606e-1 7.69365e-1 7.69140e-1 7.68926e-1 7.68721e-1 7.68522e-1 7.68330e-1 7.68166e-1 7.68023e-1 7.67898e-1 7.67785e-1 7.67684e-1 7.67590e-1 7.67501e-1 7.67415e-1 7.67331e-1 7.67244e-1 7.67146e-1 7.67040e-1 7.66925e-1 7.66804e-1 7.66679e-1 7.66549e-1 7.66424e-1 7.66302e-1 7.66182e-1 7.66063e-1 7.65945e-1 7.65828e-1 7.65624e-1 7.65328e-1 7.64994e-1 7.64646e-1 7.64298e-1 7.63956e-1 7.63624e-1 7.63354e-1 7.63100e-1 7.62861e-1 7.62636e-1 7.62423e-1 7.62208e-1 7.61996e-1 7.61790e-1 7.61592e-1 7.61405e-1 7.61231e-1 7.61082e-1 7.60961e-1 7.60863e-1 7.60720e-1 7.60530e-1 7.60299e-1 7.60033e-1 7.59737e-1 7.59416e-1 7.56009e-1 7.49975e-1 7.44891e-1 7.40549e-1 7.36826e-1 7.33627e-1 7.30842e-1 7.28383e-1 7.26183e-1 7.24187e-1 7.22352e-1 7.20646e-1 7.19007e-1 7.12374e-1 7.04771e-1 6.98842e-1 6.95041e-1 6.91583e-1 6.88410e-1 6.85475e-1 6.82740e-1 6.80176e-1 6.77758e-1 6.75466e-1 6.73284e-1 6.64341e-1 6.44444e-1 6.27926e-1 6.14100e-1 6.02453e-1 5.92596e-1 5.84227e-1 5.77110e-1 5.71058e-1 5.65922e-1 5.61579e-1 5.57969e-1 5.55015e-1 5.52642e-1 5.50784e-1 5.49387e-1 5.48403e-1 5.47792e-1 5.53217e-1 5.58528e-1 5.63101e-1 5.67055e-1 5.70493e-1 5.73278e-1 5.75509e-1 5.77280e-1 5.78670e-1 5.79766e-1 5.80621e-1 5.81277e-1 5.81773e-1 5.82137e-1 5.82396e-1 5.82571e-1 5.82678e-1 5.82734e-1 5.82750e-1 5.82734e-1 5.82697e-1 5.82643e-1 5.82579e-1 5.82509e-1 5.82435e-1 5.82361e-1 5.82277e-1 5.82186e-1 5.82114e-1 5.82100e-1 5.82133e-1 5.82204e-1 5.82306e-1 5.82325e-1 5.82392e-1 5.82501e-1 5.82644e-1 5.82814e-1 5.83004e-1 5.83211e-1 5.83429e-1 5.83655e-1 5.83885e-1 5.84117e-1 5.84391e-1 5.84716e-1 5.85085e-1 5.85525e-1 5.85917e-1 5.86296e-1 5.86687e-1 5.87082e-1 5.87475e-1 5.87859e-1 5.88230e-1 5.88585e-1 5.88922e-1 5.89286e-1 5.89700e-1 5.90143e-1 5.90599e-1 5.91059e-1 5.91514e-1 5.91961e-1 5.92394e-1 5.92812e-1 5.93211e-1 5.93590e-1 5.93949e-1 5.94287e-1 5.94602e-1 5.94896e-1 5.95167e-1 5.95417e-1 5.95645e-1 5.95852e-1 5.96039e-1 5.96206e-1 5.96353e-1 5.96482e-1 5.96592e-1 5.96685e-1 5.96761e-1 5.96804e-1 5.96812e-1 5.96790e-1 5.96744e-1 5.96675e-1 5.96589e-1 5.96486e-1 5.96370e-1 5.96242e-1 5.96103e-1 5.95956e-1 5.95800e-1 5.95638e-1 5.95469e-1 5.95265e-1 5.95032e-1 5.94777e-1 5.94506e-1 5.94222e-1 5.93940e-1 5.93662e-1 5.93387e-1 5.93115e-1 5.92860e-1 5.92612e-1 5.92371e-1 5.92138e-1 5.91911e-1 5.91691e-1 5.91478e-1 5.91258e-1 5.91033e-1 5.90804e-1 5.90573e-1 5.90341e-1 5.90109e-1 5.89878e-1 5.89647e-1 5.89417e-1 5.89188e-1 5.88961e-1 5.88735e-1 5.88510e-1 5.88286e-1 5.88064e-1 5.87843e-1 5.87623e-1 5.87404e-1 5.87185e-1 5.86968e-1 5.86751e-1 5.85819e-1 5.83817e-1 5.81949e-1 5.80225e-1 5.78646e-1 5.77208e-1
xmutil_test_models/C-LEARN v77 for Vensim.mdl	co2eq_emissions_from_f_gases[g77_china]	rise_and_fall	rising	rises to a spike in 2006, falls back by 2020, then creeps up 16% of its range over 80 years	1850	1	0.00000e0 0.00000e0 0.00000e0 0.00000e0 0.00000e0 0.00000e0 0.00000e0 0.00000e0 0.00000e0 0.00000e0 0.00000e0 0.00000e0 0.00000e0 0.00000e0 0.00000e0 0.00000e0 0.00000e0 0.00000e0 0.00000e0 0.00000e0 0.00000e0 0.00000e0 0.00000e0 0.00000e0 0.00000e0 0.00000e0 0.00000e0 0.00000e0 0.00000e0 0.00000e0 0.00000e0 0.00000e0 0.00000e0 0.00000e0 0.00000e0 0.00000e0 0.00000e0 0.00000e0 0.00000e0 0.00000e0 0.00000e0 0.00000e0 0.00000e0 0.00000e0 0.00000e0 0.00000e0 0.00000e0 0.00000e0 0.00000e0 0.00000e0 0.00000e0 0.00000e0 0.00000e0 0.00000e0 0.00000e0 0.00000e0 0.00000e0 0.00000e0 0.00000e0 0.00000e0 0.00000e0 0.00000e0 0.00000e0 0.00000e0 0.00000e0 0.00000e0 0.00000e0 0.00000e0 0.00000e0 0.00000e0 0.00000e0 0.00000e0 0.00000e0 0.00000e0 0.00000e0 0.00000e0 0.00000e0 0.00000e0 0.00000e0 0.00000e0 0.00000e0 3.02909e-5 6.05817e-5 9.08726e-5 1.21163e-4 1.51454e-4 1.81745e-4 2.12036e-4 2.42327e-4 2.72618e-4 3.02909e-4 3.33200e-4 3.63490e-4 3.93781e-4 4.24072e-4 4.54363e-4 4.84654e-4 5.14945e-4 5.45236e-4 5.75527e-4 6.05817e-4 6.36108e-4 6.66399e-4 6.96690e-4 7.26981e-4 7.57268e-4 7.87560e-4 8.17851e-4 8.48143e-4 8.78435e-4 9.08726e-4 9.39018e-4 9.69309e-4 9.99601e-4 1.02989e-3 1.06018e-3 1.09091e-3 1.12165e-3 1.15238e-3 1.18312e-3 2.80146e-3 4.17214e-3 4.27448e-3 4.72720e-3 5.03628e-3 5.07634e-3 5.84480e-3 6.52328e-3 6.99417e-3 7.30865e-3 7.50373e-3 7.43078e-3 7.68632e-3 9.03634e-3 9.29447e-3 1.03097e-2 1.09903e-2 1.30597e-2 1.50212e-2 1.56100e-2 1.50551e-2 1.32041e-2 1.50109e-2 2.24225e-2 3.27722e-2 2.51190e-2 2.87719e-2 3.97115e-2 3.11121e-2 8.33687e-2 6.14517e-2 7.73179e-2 1.05230e-1 1.24439e-1 1.66911e-1 2.05099e-1 2.32537e-1 2.09405e-1 2.18523e-1 2.17311e-1 2.18941e-1 1.91106e-1 1.63271e-1 1.35435e-1 1.07600e-1 7.97648e-2 7.10562e-2 6.23579e-2 5.36767e-2 4.50300e-2 3.64753e-2 3.66950e-2 3.69155e-2 3.71365e-2 3.73583e-2 3.75807e-2 3.78037e-2 3.80273e-2 3.82513e-2 3.84760e-2 3.87012e-2 3.92629e-2 3.98290e-2 4.03994e-2 4.09741e-2 4.15529e-2 4.21355e-2 4.27221e-2 4.33123e-2 4.39062e-2 4.45037e-2 4.50358e-2 4.55707e-2 4.61083e-2 4.66487e-2 4.71914e-2 4.77369e-2 4.82850e-2 4.88354e-2 4.93884e-2 4.99439e-2 5.06196e-2 5.12964e-2 5.19744e-2 5.26534e-2 5.33338e-2 5.40150e-2 5.46974e-2 5.53806e-2 5.60649e-2 5.67501e-2 5.70011e-2 5.72539e-2 5.75080e-2 5.77635e-2 5.80207e-2 5.82792e-2 5.85393e-2 5.88007e-2 5.90638e-2 5.93283e-2 6.00681e-2 6.08091e-2 6.15514e-2 6.22951e-2 6.30403e-2 6.37869e-2 6.45347e-2 6.52839e-2 6.60344e-2 6.67861e-2 6.73257e-2 6.78656e-2 6.84061e-2 6.89472e-2 6.94886e-2 7.00307e-2 7.05732e-2 7.11164e-2 7.16599e-2 7.22042e-2 7.24650e-2 7.27261e-2 7.29873e-2 7.32486e-2 7.35102e-2 7.37718e-2 7.40336e-2 7.42955e-2 7.45575e-2 7.48199e-2
